episode,reward,epsilon,loss
1,19.0,1.0
2,9.0,0.9999994585001544
3,15.0,0.9999986605009444
4,47.0,0.9999974350034628
5,14.0,0.999994870013851
6,39.0,0.9999919060344804
7,18.0,0.9999878305779454
8,12.0,0.9999832421478048
9,17.0,0.9999783117475725
10,16.0,0.9999728968866279
11,48.0,0.9999670260722661
12,20.0,0.9999597873511069
13,13.0,0.9999519787137484
14,14.0,0.9999437996624225
15,52.0,0.9999352217086411
16,12.0,0.9999251619479098
17,22.0,0.9999147603243355
18,14.0,0.9999037318779884
19,38.0,0.9998923046048291
20,15.0,0.999879794605556
21,30.0,0.9998668573308565
22,12.0,0.9998530653642179
23,14.0,0.9998389316557603
24,10.0,0.9998243992312793
25,21.0,0.9998095820862253
26,27.0,0.9997941668018033
27,10.0,0.9997779824470922
28,49.0,0.9997615134396631
29,27.0,0.9997436485936146
30,28.0,0.9997250148060273
31,11.0,0.9997055836310059
32,23.0,0.9996858394571636
33,18.0,0.9996654404244185
34,44.0,0.9996445290216558
35,10.0,0.9996223645770085
36,22.0,0.9995999157696558
37,29.0,0.999576840772065
38,39.0,0.9995529402237724
39,24.0,0.9995279293287218
40,18.0,0.9995022354505939
41,48.0,0.9994760295505386
42,14.0,0.9994484571669934
43,12.0,0.9994204868274503
44,21.0,0.9993921755306567
45,19.0,0.9993632669790468
46,19.0,0.9993338181872582
47,12.0,0.9993038292056201
48,10.0,0.9992734994327978
49,13.0,0.9992428858560876
50,24.0,0.9992119030739349
51,12.0,0.9991802378930265
52,15.0,0.9991482320750258
53,14.0,0.999115800234037
54,17.0,0.9990829708862938
55,41.0,0.9990496586586487
56,15.0,0.9990151803108526
57,27.0,0.9989802761744118
58,19.0,0.9989446046762803
59,11.0,0.9989083936410769
60,10.0,0.998871870859891
61,13.0,0.998835064833878
62,28.0,0.9987978902042934
63,31.0,0.9987599200725149
64,13.0,0.9987210691492661
65,20.0,0.9986818498309363
66,12.0,0.9986420629484911
67,22.0,0.9986019362379144
68,19.0,0.9985611851740728
69,26.0,0.9985198952043648
70,24.0,0.9984778672189452
71,17.0,0.9984351582221845
72,25.0,0.9983919674685401
73,12.0,0.9983480674204405
74,39.0,0.9983038280149875
75,14.0,0.9982584812101826
76,12.0,0.9982127383243763
77,9.0,0.9981666563050958
78,11.0,0.9981203205328261
79,19.0,0.998073674160566
80,12.0,0.9980264897079979
81,16.0,0.9979789663312523
82,17.0,0.9979309903298091
83,17.0,0.9978825333361548
84,8.0,0.9978335954243018
85,19.0,0.9977844325707568
86,14.0,0.9977347320582716
87,17.0,0.9976846361243822
88,27.0,0.9976340595450002
89,28.0,0.9975827181225058
90,20.0,0.9975305835555898
91,20.0,0.9974778833701382
92,11.0,0.9974246176608482
93,19.0,0.9973710423135767
94,31.0,0.9973169300251014
95,29.0,0.997261939873418
96,23.0,0.9972061288441298
97,12.0,0.9971496675696344
98,10.0,0.9970928687072012
99,15.0,0.9970357891401143
100,9.0,0.9969782868727841
101,10.0,0.9969205324283075
102,17.0,0.9968624974473751
103,28.0,0.9968039831531432
104,41.0,0.9967446772091201
105,17.0,0.9966842105576098
106,12.0,0.996623264989993
107,12.0,0.9965619825835504
108,20.0,0.9965003634042102
109,18.0,0.9964381803730695
110,14.0,0.9963754903843169
111,8.0,0.9963124070967173
112,18.0,0.996249100914298
113,14.0,0.9961852880267271
114,26.0,0.9961210820716143
115,22.0,0.9960561425492909
116,19.0,0.9959905831302723
117,18.0,0.9959244890772516
118,13.0,0.9958578888786632
119,23.0,0.9957909245106972
120,18.0,0.99572331233433
121,32.0,0.9956551943374417
122,16.0,0.9955861734837537
123,26.0,0.9955167038195871
124,26.0,0.9954465018106103
125,10.0,0.9953755676207089
126,12.0,0.995304355161451
127,10.0,0.9952328077825535
128,22.0,0.9951609822705351
129,20.0,0.9950885384576886
130,14.0,0.9950155331879575
131,16.0,0.994942136681885
132,51.0,0.9948682923394085
133,18.0,0.9947930082332336
134,15.0,0.9947172199780207
135,18.0,0.9946410127137464
136,20.0,0.9945643015320036
137,24.0,0.994487029887335
138,33.0,0.9944090845892153
139,13.0,0.9943302108362841
140,34.0,0.9942509754126616
141,34.0,0.994170783582714
142,24.0,0.99408963559125
143,16.0,0.9940078148882847
144,11.0,0.9939255481920406
145,14.0,0.9938429771967927
146,17.0,0.9937600170452492
147,10.0,0.9936765829104025
148,8.0,0.9935928730737372
149,42.0,0.9935089442204684
150,13.0,0.9934238341175592
151,27.0,0.9933383637900525
152,16.0,0.9932521371712661
153,22.0,0.9931654657145625
154,16.0,0.9930781797899292
155,38.0,0.99299044930771
156,17.0,0.9929016520781818
157,22.0,0.9928123823758574
158,34.0,0.9927224989281338
159,22.0,0.9926316625647034
160,29.0,0.9925402128770975
161,34.0,0.9924479521314348
162,30.0,0.9923547392144102
163,20.0,0.992260687481619
164,24.0,0.9921660798358453
165,14.0,0.9920708033979257
166,24.0,0.9919751409651829
167,15.0,0.9918788100934794
168,31.0,0.9917820652710058
169,43.0,0.9916844546186999
170,35.0,0.9915856394369554
171,28.0,0.9914858460636747
172,41.0,0.9913852725029721
173,12.0,0.9912835519064882
174,30.0,0.9911815034759359
175,9.0,0.9910786191377363
176,18.0,0.9909754919828206
177,10.0,0.9908718680580447
178,9.0,0.9907679733143089
179,21.0,0.9906638360637661
180,11.0,0.990559117788148
181,31.0,0.9904541008202622
182,14.0,0.9903482210536642
183,14.0,0.9902419583056925
184,8.0,0.9901353127088812
185,40.0,0.9900284536013381
186,51.0,0.989920478734528
187,62.0,0.9898110783580288
188,50.0,0.989699942871473
189,41.0,0.9895874111448489
190,18.0,0.98947373734081
191,46.0,0.9893595700350278
192,27.0,0.9892441204453747
193,16.0,0.9891279243508319
194,28.0,0.9890112919056523
195,17.0,0.988893885274128
196,14.0,0.9887760145463217
197,10.0,0.9886577643799124
198,26.0,0.988539247546722
199,18.0,0.988420013709811
200,18.0,0.9883002883383043
201,42.0,0.9881800716242078
202,16.0,0.9880586883578002
203,19.0,0.9879368705863514
204,27.0,0.9878145340799125
205,63.0,0.9876914539996215
206,18.0,0.9875666180699483
207,18.0,0.9874412925413896
208,13.0,0.9873154776147333
209,43.0,0.9871893140699194
210,24.0,0.987061958696131
211,23.0,0.9869339460360779
212,21.0,0.9868053044680366
213,33.0,0.9866760904564336
214,14.0,0.9865459670864156
215,36.0,0.9864154684986024
216,25.0,0.9862839769072593
217,17.0,0.9861518016658694
218,18.0,0.9860191677137655
219,13.0,0.9858860471746331
220,27.0,0.985752580624311
221,22.0,0.9856183752564401
222,14.0,0.9854835717169037
223,19.0,0.9853483947534016
224,16.0,0.9852127042515179
225,39.0,0.9850765845973157
226,28.0,0.9849393908755214
227,11.0,0.9848014320491523
228,15.0,0.9846631851409631
229,23.0,0.9845245381418428
230,16.0,0.9843852669834227
231,19.0,0.9842455681424489
232,38.0,0.9841053577474788
233,32.0,0.9839641036754225
234,27.0,0.9838219744940786
235,36.0,0.983679110661343
236,15.0,0.9835352604664759
237,23.0,0.9833910124082893
238,14.0,0.9832461426989724
239,17.0,0.9831009035721247
240,10.0,0.9829552112412566
241,10.0,0.9828092618156494
242,18.0,0.9826630554230852
243,15.0,0.982516368387602
244,22.0,0.9823692848564356
245,13.0,0.9822216092579306
246,15.0,0.9820735935406154
247,63.0,0.9819251819584238
248,33.0,0.9817750329509345
249,41.0,0.9816239858268031
250,63.0,0.9814718174774066
251,23.0,0.9813179137901594
252,14.0,0.9811633930288938
253,17.0,0.9810085068814759
254,14.0,0.980853171761987
255,42.0,0.9806974716665338
256,17.0,0.9805406251324879
257,21.0,0.9803833305355096
258,18.0,0.9802254764847008
259,11.0,0.9800671469799
260,17.0,0.9799085375537859
261,35.0,0.9797494810038465
262,13.0,0.9795894755903317
263,27.0,0.9794291352355455
264,23.0,0.9792680698296438
265,10.0,0.9791063912519375
266,15.0,0.978944462120476
267,14.0,0.978782143258744
268,24.0,0.9786194627394986
269,16.0,0.978456142225841
270,15.0,0.9782924048556411
271,14.0,0.9781282787034352
272,13.0,0.9779637918245757
273,18.0,0.9777989722551174
274,15.0,0.977633681037636
275,12.0,0.9774680019067729
276,11.0,0.9773020185380864
277,25.0,0.9771357589195939
278,18.0,0.9769688338835548
279,27.0,0.97680143842842
280,16.0,0.9766333226288794
281,28.0,0.9764647926212525
282,9.0,0.9762955151762016
283,20.0,0.9761260186063335
284,40.0,0.9759559974777346
285,18.0,0.975784896619607
286,18.0,0.9756133275466646
287,9.0,0.9754412905309559
288,13.0,0.9752690356678423
289,26.0,0.9750964520793006
290,12.0,0.9749231792411378
291,38.0,0.9747496059474852
292,40.0,0.9745750112108981
293,12.0,0.974399340158303
294,22.0,0.9742233697630771
295,11.0,0.9740468229948018
296,14.0,0.9738700050736477
297,10.0,0.9736928330358303
298,12.0,0.9735154179199128
299,9.0,0.9733377044787584
300,23.0,0.9731597759820919
301,31.0,0.9729812449152225
302,24.0,0.972801890168551
303,26.0,0.9726219059862827
304,19.0,0.9724412374038593
305,27.0,0.9722600785117123
306,17.0,0.972078208313838
307,14.0,0.9718959038138365
308,20.0,0.9717132482376947
309,25.0,0.9715300759329581
310,36.0,0.9713462490201538
311,11.0,0.9711614639222422
312,8.0,0.9709764119625427
313,8.0,0.9707911761879889
314,23.0,0.9706057567244559
315,12.0,0.9704197395089496
316,16.0,0.9702334285959102
317,15.0,0.9700467137733061
318,27.0,0.9698596228981065
319,11.0,0.9696718251332294
320,25.0,0.969483762279294
321,18.0,0.9692950484106155
322,12.0,0.969105876956063
323,15.0,0.9689164136190216
324,22.0,0.9687265759106636
325,15.0,0.9685361711865498
326,42.0,0.9683453926680138
327,39.0,0.9681534968997413
328,31.0,0.9679605672151644
329,14.0,0.9677668245469572
330,23.0,0.967572737389006
331,34.0,0.9673780582850693
332,10.0,0.9671824849590976
333,12.0,0.9669866782308252
334,21.0,0.9667905832601151
335,18.0,0.9665939527693799
336,37.0,0.9663968695969185
337,26.0,0.9661988118194206
338,55.0,0.966000082367142
339,22.0,0.965799884949511
340,15.0,0.9655991269906262
341,16.0,0.9653980011118987
342,25.0,0.9651964801192464
343,23.0,0.9649943172445918
344,14.0,0.964791567820427
345,94.0,0.9645884791953417
346,34.0,0.9643828570937258
347,27.0,0.9641763487606906
348,22.0,0.9639691467511164
349,41.0,0.9637613886220554
350,18.0,0.9635525540490264
351,109.0,0.9633432739983598
352,19.0,0.9631310559469185
353,13.0,0.9629183668413611
354,23.0,0.9627053713207963
355,19.0,0.9624917958752516
356,13.0,0.9622777504084542
357,19.0,0.9620633994460385
358,23.0,0.9618485790941994
359,35.0,0.9616331803123714
360,15.0,0.9614168754242733
361,35.0,0.9612002118190479
362,18.0,0.9609826431871942
363,27.0,0.9607646346914912
364,19.0,0.9605459408251871
365,17.0,0.9603267805854964
366,9.0,0.9601072089409144
367,16.0,0.9598874445875689
368,11.0,0.9596672966604995
369,12.0,0.9594469018808537
370,23.0,0.9592262331770943
371,9.0,0.9590049908028524
372,14.0,0.9587835568920102
373,21.0,0.9585617953265064
374,19.0,0.958339515621234
375,11.0,0.9581167726699987
376,30.0,0.9578937847347757
377,20.0,0.9576700346508074
378,21.0,0.9574457952423232
379,33.0,0.9572210396826328
380,12.0,0.9569954418643153
381,13.0,0.9567695737080936
382,15.0,0.956543408247592
383,20.0,0.9563168913543355
384,59.0,0.9560898874064827
385,27.0,0.9558613369400119
386,12.0,0.9556321105603887
387,13.0,0.9554026162410368
388,16.0,0.9551728270598842
389,28.0,0.9549426618261353
390,22.0,0.9547117951600378
391,15.0,0.9544803904348012
392,37.0,0.954248637985658
393,20.0,0.9540159414595365
394,20.0,0.9537827625449936
395,34.0,0.9535491016462335
396,10.0,0.9533145797760203
397,26.0,0.9530798478534432
398,16.0,0.9528444727084555
399,31.0,0.9526087256584186
400,20.0,0.9523722009591484
401,26.0,0.9521351969588687
402,14.0,0.951897551726259
403,34.0,0.9516595903983079
404,28.0,0.9514207724056511
405,25.0,0.9511812606749251
406,11.0,0.9509411368774843
407,23.0,0.9507007798308021
408,17.0,0.9504598655901106
409,13.0,0.9502185566761873
410,30.0,0.9499769614381292
411,32.0,0.9497346212764234
412,24.0,0.9494914828583211
413,11.0,0.9492477626857376
414,15.0,0.9490038118786288
415,13.0,0.9487595228093983
416,10.0,0.9485149497006888
417,21.0,0.948270173664847
418,69.0,0.948024898555735
419,11.0,0.9477778320176216
420,15.0,0.9475305372678583
421,36.0,0.9472829068585434
422,16.0,0.9470343759732878
423,13.0,0.9467854834693873
424,78.0,0.9465363103743452
425,18.0,0.946285109202785
426,26.0,0.946033494557249
427,60.0,0.9457812518379916
428,13.0,0.9455274681767815
429,19.0,0.945273407258288
430,19.0,0.9450189082558904
431,13.0,0.9447639715842102
432,14.0,0.9445087586700611
433,37.0,0.9442532429636756
434,34.0,0.9439968079081383
435,14.0,0.9437395347728391
436,17.0,0.9434819604127362
437,17.0,0.9432240047408095
438,22.0,0.9429656681302234
439,36.0,0.942706817048585
440,35.0,0.9424470771588108
441,12.0,0.9421864760460564
442,9.0,0.9419256299374597
443,11.0,0.9416646193422433
444,14.0,0.9414033909652622
445,15.0,0.9411418648399331
446,20.0,0.9408800145468607
447,20.0,0.9406177068242616
448,10.0,0.9403549421215427
449,24.0,0.9400919879163573
450,11.0,0.9398284706943852
451,17.0,0.9395647379318999
452,27.0,0.9393006297926945
453,45.0,0.939035879946763
454,30.0,0.9387700090780414
455,44.0,0.9385034180659693
456,32.0,0.9382357345472618
457,21.0,0.9379672792258044
458,18.0,0.9376983457906238
459,12.0,0.9374290145939362
460,25.0,0.9371594457359432
461,22.0,0.936889293596006
462,15.0,0.936618638552582
463,60.0,0.9363476672493445
464,38.0,0.9360751838244813
465,17.0,0.9358017743526198
466,12.0,0.935527997625243
467,15.0,0.9352539868231564
468,19.0,0.9349796625678745
469,17.0,0.9347049190387873
470,18.0,0.9344298097450053
471,12.0,0.9341543085562054
472,15.0,0.9338785749900874
473,20.0,0.9336025297933869
474,30.0,0.933326040812915
475,25.0,0.933048843604579
476,35.0,0.9327710713051552
477,14.0,0.93249245976436
478,41.0,0.9322135656264292
479,13.0,0.9319336748483401
480,19.0,0.9316535290233615
481,21.0,0.931372969803839
482,10.0,0.9310919447755909
483,21.0,0.9308107451086729
484,19.0,0.9305290804528693
485,26.0,0.9302470041265328
486,9.0,0.9299643317905278
487,17.0,0.9296815127146051
488,13.0,0.9293983360429983
489,22.0,0.9291149076733966
490,49.0,0.9288309906235607
491,19.0,0.9285458738035776
492,13.0,0.9282603488747507
493,24.0,0.927974574330569
494,29.0,0.9276882608379479
495,16.0,0.9274012773746647
496,16.0,0.9271139667334339
497,18.0,0.926826329297165
498,17.0,0.9265383128568121
499,18.0,0.9262499441353734
500,32.0,0.925961197263996
501,31.0,0.9256717048968915
502,18.0,0.9253814940976134
503,24.0,0.9250909069293501
504,15.0,0.9247997863668457
505,13.0,0.9245083691239183
506,43.0,0.9242167080146322
507,26.0,0.9239240168158088
508,41.0,0.9236307421789076
509,51.0,0.9233364917556425
510,13.0,0.9230410046860643
511,17.0,0.9227452772216692
512,31.0,0.922449204980604
513,16.0,0.9221524220776799
514,23.0,0.9218553216413727
515,27.0,0.9215577210378779
516,19.0,0.9212595162973938
517,15.0,0.9209609171402307
518,58.0,0.9206620285213452
519,38.0,0.9203617280416725
520,20.0,0.9200605392692097
521,13.0,0.9197589328676388
522,14.0,0.9194570919295657
523,19.0,0.9191549906971289
524,15.0,0.9188524991866064
525,11.0,0.9185497221045671
526,15.0,0.918246764012584
527,38.0,0.9179435210204837
528,23.0,0.917639394829252
529,15.0,0.9173347767422085
530,24.0,0.917029875439496
531,15.0,0.9167244572794034
532,19.0,0.9164187568167553
533,20.0,0.9161126704926771
534,17.0,0.915806172818176
535,11.0,0.915499342201489
536,37.0,0.9151923348081245
537,14.0,0.9148844762932224
538,18.0,0.9145763642004441
539,34.0,0.9142678951667399
540,22.0,0.9139586549522948
541,15.0,0.9136489553773465
542,11.0,0.9133389783164566
543,27.0,0.9130288277116014
544,17.0,0.912718089725006
545,13.0,0.9124070237935332
546,20.0,0.9120957338041403
547,13.0,0.9117840391057972
548,19.0,0.9114721211279205
549,22.0,0.9111598251857946
550,19.0,0.9108470742961495
551,20.0,0.9105339464850181
552,21.0,0.910220416439791
553,23.0,0.909906458885993
554,28.0,0.9095920227996445
555,14.0,0.9092769798980128
556,11.0,0.9089616916965072
557,18.0,0.9086462358280849
558,43.0,0.908330432313075
559,58.0,0.9080136381098742
560,12.0,0.9076954684382577
561,29.0,0.9073771080948951
562,16.0,0.9070581202799847
563,14.0,0.906738839909995
564,28.0,0.9064193187855216
565,39.0,0.9060991977029631
566,18.0,0.9057781950174295
567,21.0,0.9054568507481376
568,20.0,0.9051350884081771
569,18.0,0.9048129342045285
570,32.0,0.904490439940755
571,20.0,0.9041672473430596
572,13.0,0.9038436646796482
573,50.0,0.9035198717256683
574,37.0,0.9031949217664879
575,21.0,0.9028691488361658
576,16.0,0.9025429631925361
577,25.0,0.9022164932368236
578,21.0,0.9018895093810543
579,17.0,0.9015621145002336
580,16.0,0.9012344113128865
581,21.0,0.9009064257990427
582,31.0,0.9005780307955753
583,17.0,0.9002489717994889
584,13.0,0.8999196066457499
585,20.0,0.8995900377396417
586,43.0,0.8992600870725495
587,15.0,0.8989291694272702
588,15.0,0.8985979988562112
589,18.0,0.8982665757560352
590,45.0,0.8979348242094533
591,19.0,0.8976020581451948
592,18.0,0.8972689397292071
593,17.0,0.8969354948877134
594,30.0,0.896601749507281
595,14.0,0.8962673740023538
596,16.0,0.8959327752711985
597,29.0,0.8955979029472064
598,17.0,0.895262427807685
599,34.0,0.8949266548489416
600,20.0,0.8945901537906145
601,16.0,0.8942532801953051
602,11.0,0.8939161358857018
603,11.0,0.8935788478303232
604,24.0,0.8932414163091855
605,17.0,0.8929035128699014
606,11.0,0.8925653151267586
607,10.0,0.8922269751435747
608,19.0,0.8918885184573824
609,53.0,0.8915497180996583
610,15.0,0.891209716560512
611,16.0,0.8908694739968823
612,21.0,0.8905289655965432
613,14.0,0.8901880657657468
614,22.0,0.8898469514605367
615,66.0,0.8895054215731413
616,17.0,0.8891623690282295
617,18.0,0.8888190288692903
618,15.0,0.8884753764098733
619,16.0,0.8881314875808227
620,19.0,0.887787337654898
621,30.0,0.8874428516997658
622,10.0,0.8870977540039249
623,13.0,0.8867525474918901
624,24.0,0.8864071571389693
625,14.0,0.8860613073901191
626,10.0,0.885715249647755
627,10.0,0.885369084532881
628,18.0,0.8850228122976281
629,60.0,0.8846762328717999
630,28.0,0.88432829550281
631,14.0,0.88397980262926
632,18.0,0.8836311051935163
633,16.0,0.883282103580095
634,24.0,0.8829328482691527
635,12.0,0.8825831398822599
636,33.0,0.8822332787170415
637,15.0,0.881882741003252
638,17.0,0.8815319767469191
639,20.0,0.8811809364883281
640,19.0,0.8808295459273192
641,15.0,0.8804778305479004
642,35.0,0.8801258905035486
643,18.0,0.879773228342065
644,36.0,0.8794202681148879
645,16.0,0.8790665626338569
646,13.0,0.8787126102080418
647,19.0,0.8783584858348529
648,24.0,0.8780040408231835
649,13.0,0.8776491515668299
650,19.0,0.8772940917741351
651,92.0,0.8769387129461642
652,20.0,0.8765812054101871
653,15.0,0.8762233567000363
654,23.0,0.8758652912725244
655,14.0,0.8755068114221024
656,24.0,0.8751481406132195
657,40.0,0.8747890317933158
658,32.0,0.8744290899439617
659,21.0,0.8740685140687864
660,20.0,0.8737075769606995
661,12.0,0.8733463039329887
662,51.0,0.8729848930827694
663,25.0,0.8726223822619477
664,23.0,0.8722594144261728
665,14.0,0.8718960396351871
666,23.0,0.8715324803839192
667,20.0,0.8711685153437565
668,29.0,0.8708042190690134
669,43.0,0.8704393706250343
670,10.0,0.8700736264609586
671,13.0,0.8697077994298188
672,21.0,0.8693418160472614
673,14.0,0.8689754801143585
674,29.0,0.8686089641580836
675,15.0,0.868241900357869
676,13.0,0.8678746331051886
677,16.0,0.8675072118722595
678,13.0,0.8671395634722159
679,17.0,0.8667717618695373
680,19.0,0.8664037094515512
681,14.0,0.8660353577444854
682,18.0,0.865666829653217
683,23.0,0.8652980277311269
684,54.0,0.8649288302609093
685,13.0,0.8645584803913212
686,19.0,0.8641879812963393
687,15.0,0.863817186845655
688,10.0,0.8634461952099248
689,12.0,0.8630751287741152
690,16.0,0.8627039390326986
691,13.0,0.8623325288292536
692,20.0,0.8619609716974889
693,21.0,0.8615890975606286
694,12.0,0.8612168826734995
695,13.0,0.8608445465892589
696,24.0,0.8604720653173927
697,14.0,0.8600991718822941
698,63.0,0.8597261099282364
699,42.0,0.8593516900982658
700,14.0,0.8589764240902333
701,13.0,0.8586009924664789
702,35.0,0.8582254198659134
703,29.0,0.8578491734662647
704,9.0,0.8574723997161527
705,19.0,0.8570955837741674
706,17.0,0.8567184838478495
707,19.0,0.8563411488801463
708,14.0,0.8559635310079744
709,69.0,0.8555857516320579
710,12.0,0.8552064825535665
711,16.0,0.8548271022968218
712,20.0,0.8544475146535883
713,56.0,0.8540676235978749
714,16.0,0.853686561746771
715,49.0,0.8533052949009758
716,15.0,0.8529230286294759
717,20.0,0.8525405831224365
718,26.0,0.8521578384856647
719,17.0,0.851774651001554
720,17.0,0.8513912378548852
721,38.0,0.8510075995445592
722,26.0,0.8506232321767875
723,16.0,0.8502384250633398
724,11.0,0.8498534189717174
725,24.0,0.8494683342874094
726,11.0,0.8490828596599725
727,39.0,0.8486973073242617
728,21.0,0.8483110069906463
729,14.0,0.8479243908036836
730,33.0,0.8475376268862415
731,20.0,0.847150261258951
732,12.0,0.8467626057182169
733,17.0,0.8463748520000396
734,19.0,0.8459868810332717
735,16.0,0.8455986455834643
736,40.0,0.8452102177910134
737,21.0,0.8448210258512795
738,11.0,0.8444315238979229
739,16.0,0.8440419507860673
740,14.0,0.8436521877598253
741,12.0,0.8432622828822346
742,17.0,0.8428722841227587
743,29.0,0.8424820729359641
744,11.0,0.8420913646713711
745,10.0,0.841700587771915
746,15.0,0.8413097662685982
747,35.0,0.8409187817800482
748,19.0,0.840527160422156
749,14.0,0.8401352825973115
750,19.0,0.8397432673407607
751,26.0,0.8393509966472411
752,16.0,0.8389583054094459
753,11.0,0.8385654310186297
754,22.0,0.8381724921689268
755,15.0,0.8377792291845431
756,10.0,0.8373858080971872
757,25.0,0.8369923473886505
758,27.0,0.8365984933453475
759,90.0,0.8362041995825042
760,41.0,0.8358079817806428
761,22.0,0.8354109976017595
762,25.0,0.8350136958670351
763,17.0,0.8346160066459677
764,13.0,0.8342181189435668
765,39.0,0.8338201273246367
766,24.0,0.8334214210833231
767,47.0,0.833022353875848
768,11.0,0.8326223864509614
769,26.0,0.8322223651958114
770,17.0,0.831821938581907
771,31.0,0.831421318424988
772,24.0,0.831020177204214
773,17.0,0.8306186798629084
774,24.0,0.8302169910076996
775,17.0,0.8298149473855975
776,43.0,0.8294127134348583
777,15.0,0.8290096820360388
778,29.0,0.8286065086702403
779,23.0,0.8282028669284267
780,16.0,0.8277988977593547
781,42.0,0.8273947651432095
782,26.0,0.8269898635004523
783,26.0,0.8265845670122148
784,15.0,0.8261788765165552
785,23.0,0.8257730488570798
786,13.0,0.8253668983825765
787,20.0,0.8249606583105562
788,18.0,0.8245541663483542
789,14.0,0.8241474695646042
790,14.0,0.8237406613548429
791,18.0,0.823333742119253
792,24.0,0.8229266195067465
793,24.0,0.8225191550105077
794,14.0,0.8221113493973616
795,22.0,0.8217034349454615
796,12.0,0.8212952269439887
797,20.0,0.8208869573529667
798,11.0,0.8204784415840246
799,40.0,0.8200698881765501
800,10.0,0.8196606278150376
801,24.0,0.8192513541830744
802,15.0,0.8188417446196156
803,8.0,0.8184320073698317
804,16.0,0.8180223041551027
805,22.0,0.8176124509268767
806,17.0,0.8172023100621341
807,14.0,0.816791997274593
808,12.0,0.816381582048947
809,14.0,0.8159711107429465
810,27.0,0.8155605377484544
811,10.0,0.8151495650563777
812,12.0,0.8147385835634594
813,33.0,0.8143275476612949
814,17.0,0.813915976407778
815,25.0,0.8135042373878193
816,18.0,0.8130921479695653
817,17.0,0.8126798691228607
818,17.0,0.8122674242632121
819,20.0,0.8118548139009762
820,25.0,0.8114419700167069
821,16.0,0.8110287790779009
822,20.0,0.810615447258646
823,16.0,0.8102018838079165
824,12.0,0.809788180522373
825,35.0,0.8093744290000868
826,30.0,0.808960105882492
827,28.0,0.8085453261330885
828,16.0,0.8081301362356363
829,11.0,0.8077148098892405
830,22.0,0.8072994611621663
831,25.0,0.8068838405690285
832,21.0,0.8064678807253886
833,21.0,0.8060516731676513
834,24.0,0.8056352185563858
835,15.0,0.8052184495826007
836,10.0,0.8048015708160603
837,14.0,0.804384695850153
838,14.0,0.8039677344567021
839,20.0,0.8035506870336281
840,20.0,0.8031334184147126
841,15.0,0.8027159292230236
842,16.0,0.8022983329264218
843,42.0,0.8018806074036414
844,27.0,0.8014621669866236
845,20.0,0.8010433510968327
846,15.0,0.8006243182529151
847,35.0,0.8002051816093849
848,16.0,0.7997854917298898
849,22.0,0.7993656769433443
850,14.0,0.798945602912374
851,15.0,0.7985254499827332
852,40.0,0.7981051961083564
853,19.0,0.7976842809606194
854,33.0,0.7972631766971467
855,34.0,0.7968415702308488
856,81.0,0.7964194402870302
857,18.0,0.7959957361677426
858,17.0,0.7955718699546825
859,15.0,0.7951478645520309
860,14.0,0.7947237651547314
861,61.0,0.7942995945268493
862,23.0,0.7938743042016485
863,33.0,0.7934487439061219
864,29.0,0.7930226914749798
865,16.0,0.7925962371451382
866,33.0,0.7921696713351973
867,13.0,0.791742616229749
868,20.0,0.7913155177448434
869,22.0,0.790888220651957
870,14.0,0.7904606811505344
871,19.0,0.7900330775525671
872,20.0,0.78960529931335
873,13.0,0.7891773248460408
874,13.0,0.7887493099149467
875,27.0,0.7883212548772532
876,13.0,0.7878928501749232
877,13.0,0.7874644064396462
878,18.0,0.787035924028175
879,15.0,0.7866072928059983
880,11.0,0.7861785795785147
881,17.0,0.7857498730691611
882,19.0,0.7853210411990899
883,25.0,0.7848920403851246
884,25.0,0.7844627390114438
885,27.0,0.7840331378973889
886,17.0,0.7836031938463038
887,21.0,0.7831731277072669
888,17.0,0.782742852061242
889,15.0,0.7823124554506592
890,12.0,0.7818819822983638
891,17.0,0.7814514988672928
892,24.0,0.7810208958202063
893,20.0,0.7805900202426872
894,19.0,0.7801589605347171
895,12.0,0.7797277392138866
896,15.0,0.77929651001934
897,34.0,0.7788652076682517
898,14.0,0.7784334173847773
899,16.0,0.778001577139381
900,30.0,0.7775696436701403
901,27.0,0.7771373120491638
902,17.0,0.7767046486944196
903,16.0,0.7762718723855316
904,16.0,0.7758390054062378
905,30.0,0.7754060482260074
906,27.0,0.7749726968255627
907,24.0,0.7745390174287152
908,14.0,0.7741050761034769
909,20.0,0.7736710907327048
910,19.0,0.7732369315245763
911,27.0,0.7728026207882962
912,11.0,0.7723679857414867
913,12.0,0.7719333738109949
914,24.0,0.7714987636247074
915,26.0,0.7710638959113498
916,15.0,0.7706287282144366
917,14.0,0.7701934990574822
918,27.0,0.7697582304619404
919,18.0,0.7693226422812767
920,25.0,0.7688869295137837
921,12.0,0.7684509418306403
922,21.0,0.7680149600781393
923,16.0,0.7675787908201934
924,22.0,0.7671425422914854
925,16.0,0.7667060859517714
926,23.0,0.7662695514319808
927,82.0,0.7658327888737758
928,15.0,0.7653945327693131
929,16.0,0.764956223249112
930,27.0,0.7645178393047216
931,19.0,0.7640791457563384
932,22.0,0.7636403147781705
933,12.0,0.7632012827666692
934,19.0,0.7627622642535015
935,26.0,0.7623231099584854
936,19.0,0.7618836709701752
937,14.0,0.7614440975527588
938,13.0,0.7610044969408687
939,21.0,0.7605648908374052
940,13.0,0.7601251091585037
941,17.0,0.7596853228912415
942,14.0,0.7592454472719281
943,12.0,0.7588055465969762
944,14.0,0.7583656637532663
945,13.0,0.7579257565708033
946,24.0,0.7574858466586842
947,14.0,0.7570457010365085
948,33.0,0.7566055324661577
949,18.0,0.7561649388174149
950,14.0,0.7557242388032704
951,11.0,0.7552835175999288
952,17.0,0.7548428390265655
953,13.0,0.7544020765549158
954,15.0,0.7539613151622339
955,15.0,0.7535205129802991
956,14.0,0.7530796704312501
957,12.0,0.7526388090161799
958,56.0,0.7521979712490025
959,21.0,0.7517562311133483
960,17.0,0.7513143270403169
961,15.0,0.7508723437944411
962,28.0,0.7504303239021165
963,11.0,0.749987994788776
964,17.0,0.7495457141607971
965,32.0,0.7491033564407422
966,17.0,0.7486606077310785
967,20.0,0.748217783327163
968,37.0,0.7477748209287732
969,16.0,0.7473313655157544
970,16.0,0.7468878574248006
971,18.0,0.7464442971150476
972,17.0,0.7460006432853745
973,66.0,0.7455569173410567
974,19.0,0.7451120979649908
975,51.0,0.7446671670973781
976,19.0,0.744221458863721
977,13.0,0.7437756411505131
978,14.0,0.7433298393354889
979,14.0,0.742884032969525
980,24.0,0.7424382224299045
981,20.0,0.7419922004959819
982,20.0,0.7415460509315086
983,20.0,0.741099774353979
984,17.0,0.7406533713807175
985,16.0,0.7402069047474962
986,15.0,0.7397603956435275
987,16.0,0.7393138652042123
988,14.0,0.7388672931790906
989,24.0,0.7384207213289161
990,14.0,0.7379739436363599
991,34.0,0.7375271671362817
992,26.0,0.7370799799549658
993,19.0,0.7366325480632872
994,16.0,0.7361850164172078
995,22.0,0.7357374473081325
996,12.0,0.7352897178378627
997,12.0,0.7348420341544899
998,16.0,0.7343943965503296
999,14.0,0.7339467232438447
1000,24.0,0.7334990556979565
1001,31.0,0.7330511893694245
1002,29.0,0.7326029816865769
1003,13.0,0.7321544746360648
1004,26.0,0.7317059964135341
1005,16.0,0.7312572816593383
1006,38.0,0.7308085354714626
1007,31.0,0.7303593092639744
1008,20.0,0.7299097471585402
1009,19.0,0.7294600744348081
1010,19.0,0.7290103120756757
1011,17.0,0.7285604606530354
1012,15.0,0.7281105614251858
1013,22.0,0.727660655542206
1014,15.0,0.727210601199051
1015,26.0,0.7267605412078906
1016,17.0,0.7263102527949774
1017,14.0,0.7258599192966633
1018,15.0,0.7254096019890178
1019,19.0,0.724959280990615
1020,16.0,0.7245088757679994
1021,13.0,0.7240584475559224
1022,10.0,0.7236080574267252
1023,17.0,0.7231577662903448
1024,22.0,0.7227074330821153
1025,26.0,0.7222569574508171
1026,13.0,0.7218062594694958
1027,24.0,0.7213556018187072
1028,13.0,0.7209047634241832
1029,29.0,0.7204539663060611
1030,15.0,0.7200028891866457
1031,26.0,0.7195518142506329
1032,19.0,0.719100521099175
1033,12.0,0.718649150999441
1034,12.0,0.7181978448392605
1035,50.0,0.7177466029003081
1036,10.0,0.7172946647476474
1037,17.0,0.7168428324187567
1038,13.0,0.7163909661708716
1039,13.0,0.7159391464004166
1040,29.0,0.7154873734281791
1041,12.0,0.7150353283576406
1042,26.0,0.7145833510973425
1043,21.0,0.7141311629913649
1044,26.0,0.7136788644401645
1045,16.0,0.7132263566046996
1046,27.0,0.7127738391654571
1047,14.0,0.712321093997261
1048,18.0,0.7118683801174887
1049,18.0,0.7114156185150243
1050,34.0,0.7109628097113285
1051,17.0,0.7105096371828795
1052,20.0,0.7100564387319087
1053,12.0,0.7096031554740193
1054,11.0,0.7091499462071722
1055,15.0,0.7086968309676318
1056,18.0,0.7082437310004622
1057,13.0,0.7077905875016522
1058,31.0,0.7073374995910133
1059,19.0,0.7068841128660264
1060,13.0,0.7064306646907981
1061,11.0,0.7059772737003985
1062,14.0,0.7055239795402911
1063,43.0,0.705070723486267
1064,27.0,0.7046169363755991
1065,18.0,0.7041629337446635
1066,22.0,0.7037088929795383
1067,16.0,0.7032547362063123
1068,11.0,0.7028005816089532
1069,15.0,0.702346527473757
1070,20.0,0.7018924958033148
1071,22.0,0.7014383892747116
1072,18.0,0.7009841694257799
1073,47.0,0.7005299149984792
1074,13.0,0.7000750609418125
1075,18.0,0.6996202715696221
1076,17.0,0.699165449816442
1077,21.0,0.6987106156572968
1078,22.0,0.698255691773959
1079,12.0,0.6978006593683328
1080,11.0,0.6973457133207104
1081,12.0,0.696890873304615
1082,13.0,0.6964361201525513
1083,13.0,0.6959814347513195
1084,22.0,0.6955268174077951
1085,19.0,0.6950720942590694
1086,35.0,0.6946173239952533
1087,19.0,0.6941621979698888
1088,31.0,0.6937070263688829
1089,11.0,0.6932515781725425
1090,20.0,0.6927962401010314
1091,17.0,0.6923408389447624
1092,57.0,0.6918854330644032
1093,17.0,0.6914292532120866
1094,40.0,0.6909730706646674
1095,31.0,0.6905164439327041
1096,14.0,0.6900595472441996
1097,11.0,0.6896027078385429
1098,12.0,0.6891459835815928
1099,14.0,0.6886893555317738
1100,15.0,0.6882327856550385
1101,14.0,0.6877762551598954
1102,28.0,0.6873197835484982
1103,19.0,0.6868631036794416
1104,12.0,0.6864063882986038
1105,34.0,0.6859497715013584
1106,14.0,0.6854928341202094
1107,31.0,0.6850359583387778
1108,37.0,0.684578820861134
1109,24.0,0.6841213085837863
1110,22.0,0.6836636699210477
1111,13.0,0.6832059436152463
1112,36.0,0.6827483011756896
1113,18.0,0.6822903066181342
1114,20.0,0.6818323023757101
1115,21.0,0.6813742510674419
1116,15.0,0.680916134349428
1117,20.0,0.6804580663285881
1118,37.0,0.6799999528816778
1119,13.0,0.6795414735250082
1120,12.0,0.6790830824819776
1121,18.0,0.6786247989044405
1122,12.0,0.6781665099739708
1123,15.0,0.6777083291767315
1124,20.0,0.6772502003111002
1125,23.0,0.6767920297325287
1126,11.0,0.6763337616510487
1127,14.0,0.6758756220853098
1128,21.0,0.6754175549559864
1129,29.0,0.6749594293532053
1130,13.0,0.6745010960165444
1131,15.0,0.6740428554360578
1132,13.0,0.6735846704858989
1133,21.0,0.6731265789250312
1134,27.0,0.6726684316015888
1135,23.0,0.6722101171357926
1136,32.0,0.6717517110030642
1137,37.0,0.6712930461541603
1138,25.0,0.6708340305351349
1139,16.0,0.6703748887586969
1140,34.0,0.669915788983845
1141,18.0,0.6694563971135242
1142,14.0,0.6689970114194994
1143,11.0,0.668537706617663
1144,11.0,0.6680785386607306
1145,13.0,0.6676195077500546
1146,16.0,0.6671605770570664
1147,13.0,0.666701691361976
1148,13.0,0.6662429065335509
1149,16.0,0.665784222854472
1150,14.0,0.6653255852277866
1151,20.0,0.6648670309513434
1152,32.0,0.664408449754539
1153,45.0,0.66394962118564
1154,13.0,0.6634903070487342
1155,13.0,0.6630310974563441
1156,12.0,0.6625719926882655
1157,13.0,0.662113011387352
1158,36.0,0.6616541354418118
1159,13.0,0.661194943405797
1160,21.0,0.6607358579156871
1161,46.0,0.6602767327829713
1162,32.0,0.6598171112527262
1163,20.0,0.6593572508968755
1164,19.0,0.6588973719811293
1165,20.0,0.6584374933242656
1166,34.0,0.6579775972108242
1167,14.0,0.6575174290482926
1168,15.0,0.657057354215271
1169,21.0,0.6565973548294761
1170,13.0,0.6561373221428523
1171,18.0,0.6556774021226345
1172,10.0,0.6552175042593038
1173,28.0,0.6547577741743854
1174,12.0,0.6542978856952198
1175,13.0,0.6538381295568094
1176,15.0,0.6533784878880113
1177,17.0,0.6529189247849387
1178,22.0,0.6524594044536358
1179,14.0,0.6519998370300534
1180,29.0,0.6515403675261827
1181,19.0,0.6510807257667072
1182,15.0,0.6506210928690203
1183,24.0,0.6501615413695072
1184,19.0,0.6497019096997886
1185,16.0,0.649242288469215
1186,15.0,0.6487827320839964
1187,16.0,0.6483232588851056
1188,19.0,0.647863851286161
1189,14.0,0.647404455911252
1190,25.0,0.6469451628162627
1191,21.0,0.6464857754678783
1192,33.0,0.646026366150608
1193,29.0,0.6455667210559467
1194,17.0,0.6451069126882928
1195,18.0,0.6446471560463964
1196,14.0,0.6441874337334438
1197,22.0,0.6437278174665367
1198,14.0,0.6432681651651981
1199,20.0,0.6428086197378827
1200,12.0,0.6423490748648314
1201,16.0,0.6418896731503589
1202,14.0,0.6414303438424328
1203,12.0,0.640971122783914
1204,14.0,0.6405120457070688
1205,19.0,0.640053077427271
1206,19.0,0.6395941298062168
1207,13.0,0.6391352033508343
1208,12.0,0.6386764045293644
1209,12.0,0.6382177512466659
1210,24.0,0.6377592437194475
1211,20.0,0.6373006707358118
1212,28.0,0.6368421034279638
1213,14.0,0.6363834016095044
1214,19.0,0.6359248122442599
1215,10.0,0.6354662478094055
1216,12.0,0.6350078667600912
1217,18.0,0.6345496341546801
1218,22.0,0.6340914450702259
1219,50.0,0.6336332299312736
1220,20.0,0.6331744994960841
1221,9.0,0.6327157799892908
1222,14.0,0.6322572640974101
1223,11.0,0.6317988646378901
1224,11.0,0.6313406342246247
1225,10.0,0.6308825730267843
1226,32.0,0.6304246986259794
1227,21.0,0.6299666283714844
1228,20.0,0.6295085545348058
1229,19.0,0.6290504950672322
1230,35.0,0.6285924678646336
1231,18.0,0.6281341959189524
1232,22.0,0.6276759750006978
1233,16.0,0.6272177362979763
1234,15.0,0.6267595842462459
1235,33.0,0.6263015365054267
1236,16.0,0.6258432824493005
1237,14.0,0.6253851165952381
1238,20.0,0.6249270738083497
1239,21.0,0.6244690509708302
1240,19.0,0.6240110313958639
1241,17.0,0.623553050070906
1242,28.0,0.6230951418730359
1243,13.0,0.6226371182404709
1244,17.0,0.6221792375152382
1245,17.0,0.6217214313334974
1246,12.0,0.6212637001023811
1247,18.0,0.620806129849494
1248,17.0,0.6203486181124541
1249,23.0,0.6198911824350096
1250,24.0,0.6194337207244768
1251,11.0,0.6189762165635095
1252,18.0,0.6185188923670802
1253,16.0,0.6180616289992972
1254,34.0,0.6176044609611478
1255,14.0,0.6171470823551098
1256,17.0,0.6166898342973344
1257,17.0,0.6162326661055614
1258,20.0,0.6157755781814834
1259,32.0,0.6153185200476774
1260,11.0,0.6148612888782248
1261,22.0,0.6144042412651657
1262,15.0,0.6139471912589041
1263,24.0,0.6134902577973813
1264,15.0,0.6130332891782327
1265,20.0,0.6125764379833555
1266,13.0,0.6121196202105199
1267,22.0,0.6116629543297536
1268,22.0,0.6112062890479957
1269,16.0,0.610749624967312
1270,18.0,0.6102930635420187
1271,13.0,0.6098365715364591
1272,13.0,0.6093802332939134
1273,11.0,0.6089240490448439
1274,13.0,0.6084680525274268
1275,14.0,0.608012210408603
1276,12.0,0.6075565061910632
1277,12.0,0.6071009735708818
1278,14.0,0.6066456127357105
1279,10.0,0.6061903905014377
1280,13.0,0.6057353738251874
1281,16.0,0.6052805128364432
1282,12.0,0.6048257578281034
1283,16.0,0.6043711756742968
1284,13.0,0.6039167000905563
1285,19.0,0.6034623812372453
1286,20.0,0.6030081197985672
1287,41.0,0.6025538996684263
1288,13.0,0.6020993735350186
1289,18.0,0.601645006149344
1290,14.0,0.6011907150564034
1291,10.0,0.6007365667721843
1292,17.0,0.6002826275942597
1293,32.0,0.5998287821584704
1294,17.0,0.5993747836315257
1295,24.0,0.5989208800254918
1296,10.0,0.5984669565466606
1297,18.0,0.598013244030359
1298,24.0,0.5975596111598634
1299,13.0,0.5971059598798838
1300,14.0,0.5966524712539449
1301,11.0,0.5961991291148256
1302,15.0,0.5957459828388291
1303,16.0,0.5952929671272528
1304,10.0,0.5948400659340596
1305,34.0,0.5943873775884583
1306,15.0,0.5939345105521129
1307,17.0,0.5934817756816612
1308,18.0,0.5930291406926393
1309,45.0,0.5925765896860593
1310,14.0,0.5921236839601208
1311,34.0,0.5916709287869832
1312,24.0,0.5912179996901704
1313,11.0,0.5907650599681944
1314,11.0,0.5903123210036714
1315,16.0,0.5898597829272059
1316,19.0,0.5894073649579835
1317,20.0,0.5889550189235363
1318,17.0,0.5885027291239158
1319,10.0,0.5880505444789965
1320,27.0,0.5875985782572036
1321,18.0,0.5871465566013122
1322,22.0,0.5866946251974282
1323,22.0,0.5862427201083678
1324,15.0,0.5857908419082367
1325,28.0,0.5853391035918043
1326,13.0,0.5848872968414376
1327,13.0,0.5844356629696014
1328,34.0,0.5839842021824506
1329,26.0,0.5835325785601335
1330,14.0,0.5830809211006976
1331,18.0,0.5826294222836322
1332,14.0,0.5821780184923057
1333,11.0,0.5817267739407019
1334,13.0,0.5812757366874973
1335,21.0,0.5808248750049158
1336,10.0,0.5803740618056936
1337,22.0,0.579923472491156
1338,13.0,0.5794729165310517
1339,12.0,0.5790225373275685
1340,14.0,0.5785723509386707
1341,15.0,0.5781223258369331
1342,20.0,0.5776724464327228
1343,11.0,0.5772226339232454
1344,12.0,0.5767730310197209
1345,23.0,0.5763236220503047
1346,14.0,0.5758742336344554
1347,21.0,0.5754250082392479
1348,24.0,0.5749758358576735
1349,12.0,0.5745266698027252
1350,14.0,0.5740776993834497
1351,11.0,0.5736288933377778
1352,11.0,0.5731802989880047
1353,10.0,0.5727319164487155
1354,17.0,0.5722837615026997
1355,24.0,0.5718357246380984
1356,12.0,0.57138769671899
1357,11.0,0.5709398659208954
1358,10.0,0.5704922480115698
1359,47.0,0.570044858704735
1360,10.0,0.569597121319089
1361,13.0,0.5691496136721398
1362,10.0,0.5687022891512037
1363,14.0,0.5682551945902186
1364,14.0,0.567808267922116
1365,27.0,0.5673615093773671
1366,32.0,0.566914717589253
1367,14.0,0.5664678158397944
1368,18.0,0.5660210837330489
1369,17.0,0.5655744596284336
1370,27.0,0.5651279593684545
1371,18.0,0.5646814288966403
1372,13.0,0.5642350078056786
1373,44.0,0.5637887735509312
1374,18.0,0.5633422489096664
1375,13.0,0.5628958353711618
1376,29.0,0.5624496101881525
1377,13.0,0.562003327783015
1378,16.0,0.5615572345291894
1379,16.0,0.5611112846096573
1380,11.0,0.5606654783273922
1381,18.0,0.560219892517875
1382,13.0,0.5597744202300489
1383,14.0,0.5593291382450631
1384,15.0,0.5588840314773376
1385,20.0,0.5584390848943017
1386,11.0,0.5579942225570347
1387,17.0,0.5575495819637948
1388,15.0,0.5571050719349055
1389,11.0,0.5566607232088632
1390,12.0,0.5562165967900533
1391,15.0,0.5557726776034212
1392,12.0,0.5553289203071144
1393,12.0,0.5548853705979805
1394,10.0,0.5544420286130263
1395,16.0,0.553998924728849
1396,14.0,0.5535559683619631
1397,23.0,0.5531131899945596
1398,27.0,0.5526704541208524
1399,16.0,0.552227701046826
1400,14.0,0.5517850970936289
1401,13.0,0.5513426726351157
1402,13.0,0.5509004429115115
1403,14.0,0.5504584080958295
1404,16.0,0.5500165533602052
1405,13.0,0.5495748489421481
1406,15.0,0.5491333400547185
1407,17.0,0.5486919969478161
1408,12.0,0.5482507899768396
1409,16.0,0.5478097941426411
1410,17.0,0.5473689498914447
1411,14.0,0.5469282426041889
1412,11.0,0.5464877172927279
1413,11.0,0.5460474188098836
1414,11.0,0.5456073472449664
1415,18.0,0.5451675026869829
1416,13.0,0.5447277813317912
1417,18.0,0.5442882576879055
1418,16.0,0.5438488578450176
1419,19.0,0.5434096117719908
1420,13.0,0.5429704753862007
1421,23.0,0.5425315377460866
1422,12.0,0.5420926513890881
1423,34.0,0.5416539791206871
1424,13.0,0.5412151968636022
1425,20.0,0.5407766147998799
1426,13.0,0.5403381301217005
1427,9.0,0.539899846146958
1428,27.0,0.5394618217733793
1429,10.0,0.5390237929323605
1430,17.0,0.5385860095159896
1431,14.0,0.538148369055942
1432,16.0,0.5377109157643414
1433,13.0,0.5372736206043349
1434,16.0,0.5368365276690381
1435,33.0,0.5363995933418658
1436,12.0,0.5359625700587626
1437,16.0,0.5355257646457063
1438,10.0,0.5350891190105262
1439,24.0,0.5346527206660031
1440,11.0,0.5342163662804726
1441,12.0,0.5337802451166827
1442,17.0,0.5333443427519562
1443,10.0,0.5329085868665626
1444,25.0,0.532473079092051
1445,13.0,0.5320376025488811
1446,15.0,0.5316023312385916
1447,23.0,0.531167236445184
1448,15.0,0.5307322030248532
1449,18.0,0.5302973467935345
1450,15.0,0.5298626247945031
1451,13.0,0.5294280805240765
1452,18.0,0.5289937429518473
1453,27.0,0.5285595404452507
1454,31.0,0.5281253442567168
1455,18.0,0.5276910977606566
1456,15.0,0.5272569879402811
1457,39.0,0.5268230580540826
1458,11.0,0.5263889653286429
1459,11.0,0.5259551107296474
1460,15.0,0.5255214943264445
1461,16.0,0.5250880591775129
1462,13.0,0.5246547912679104
1463,14.0,0.5242217335408204
1464,12.0,0.5237888719284446
1465,16.0,0.5233562350165839
1466,12.0,0.5229237661605555
1467,14.0,0.5224915223207793
1468,10.0,0.5220594752790987
1469,15.0,0.521627681813633
1470,12.0,0.5211960712719771
1471,13.0,0.5207646862438198
1472,14.0,0.5203335127231504
1473,10.0,0.5199025367553342
1474,13.0,0.5194718148578176
1475,16.0,0.5190413048423103
1476,13.0,0.5186109646751694
1477,17.0,0.5181808367497716
1478,10.0,0.517750865076543
1479,17.0,0.5173211480877841
1480,14.0,0.5168915877599872
1481,12.0,0.5164622263686987
1482,11.0,0.5160330920534554
1483,50.0,0.515604198882313
1484,10.0,0.5151750026612129
1485,16.0,0.5147460626514426
1486,23.0,0.5143172952968733
1487,10.0,0.5138886034330257
1488,13.0,0.513460168330953
1489,16.0,0.5130319483375821
1490,12.0,0.5126039019536648
1491,10.0,0.5121760848905703
1492,12.0,0.5117485249490188
1493,10.0,0.5113211944682914
1494,14.0,0.5108941211972129
1495,19.0,0.5104672498977206
1496,15.0,0.5100405117350763
1497,20.0,0.5096139622258231
1498,16.0,0.5091875327006233
1499,18.0,0.5087612786109839
1500,11.0,0.5083351727029543
1501,10.0,0.5079093114598265
1502,16.0,0.5074837086597196
1503,20.0,0.507058282047169
1504,15.0,0.5066329770705921
1505,14.0,0.5062078625581059
1506,16.0,0.5057829523883062
1507,25.0,0.5053582194061332
1508,11.0,0.5049335410219512
1509,14.0,0.5045091087153465
1510,11.0,0.5040848816690933
1511,13.0,0.5036609008772704
1512,16.0,0.5032371391954168
1513,15.0,0.502813555996021
1514,13.0,0.5023901650904325
1515,15.0,0.5019669937977448
1516,12.0,0.5015440151498066
1517,14.0,0.5011212699477442
1518,14.0,0.5006987312353098
1519,15.0,0.5002763991738631
1520,19.0,0.49985426042872405
1521,11.0,0.4994322612665288
1522,11.0,0.4990105097997
1523,13.0,0.4985890060740235
1524,12.0,0.4981677232449325
1525,14.0,0.49774667486582297
1526,11.0,0.4973258341798934
1527,14.0,0.49690524156674115
1528,10.0,0.4964848568869406
1529,12.0,0.4960647338256195
1530,12.0,0.4956448456498697
1531,16.0,0.4952251924407668
1532,13.0,0.49480572090236635
1533,15.0,0.49438647126078983
1534,11.0,0.4939674169957041
1535,10.0,0.4935486115256712
1536,19.0,0.4931300681861796
1537,11.0,0.4927116674487177
1538,13.0,0.49229351580582403
1539,15.0,0.4918755867855366
1540,13.0,0.4914578540158549
1541,15.0,0.4910403441494524
1542,10.0,0.4906230308636388
1543,20.0,0.4902059803787054
1544,18.0,0.4897890607592845
1545,10.0,0.4893722987438369
1546,14.0,0.48895579998227956
1547,12.0,0.48853951185009964
1548,20.0,0.4881234607844677
1549,23.0,0.48770754181006604
1550,14.0,0.48729171594410736
1551,17.0,0.48687610162823636
1552,18.0,0.48646065972887875
1553,23.0,0.4860453774242649
1554,15.0,0.48563018966630206
1555,15.0,0.485215201389288
1556,17.0,0.4848004127765055
1557,19.0,0.4843857979476445
1558,23.0,0.48397133112141383
1559,21.0,0.48355696060202574
1560,14.0,0.4831427128576433
1561,15.0,0.4827286791656753
1562,12.0,0.4823148466996891
1563,17.0,0.48190125451062793
1564,15.0,0.4814878379430841
1565,13.0,0.481074623114912
1566,13.0,0.4806616360443283
1567,13.0,0.4802488768351075
1568,21.0,0.4798363455906581
1569,12.0,0.4794239393522651
1570,12.0,0.47901177435253756
1571,10.0,0.4785998506565486
1572,12.0,0.47818819402033946
1573,13.0,0.47777677876767544
1574,15.0,0.47736559214173707
1575,19.0,0.4769546086260585
1576,11.0,0.476543777209766
1577,11.0,0.4761332004865822
1578,12.0,0.47572287848219824
1579,13.0,0.4753127984626443
1580,18.0,0.47490294774285385
1581,11.0,0.4744932627473985
1582,17.0,0.47408383281633126
1583,18.0,0.47367458171230065
1584,12.0,0.47326549698200376
1585,14.0,0.4728566550205853
1586,10.0,0.4724480305408907
1587,16.0,0.4720396743205944
1588,32.0,0.4716315104516021
1589,14.0,0.4712233369522842
1590,11.0,0.47081538185552174
1591,22.0,0.47040768312899783
1592,10.0,0.47000010219322735
1593,13.0,0.46959279052513664
1594,19.0,0.46918571038114554
1595,15.0,0.4687787864738143
1596,18.0,0.46837206931978975
1597,16.0,0.46796552146724235
1598,19.0,0.46755916824406313
1599,11.0,0.4671529723071703
1600,14.0,0.46674703398567197
1601,12.0,0.4663413158259472
1602,13.0,0.46593584291044776
1603,22.0,0.46553060282621145
1604,15.0,0.4651254835784317
1605,10.0,0.4647205726751074
1606,10.0,0.46431593242464786
1607,14.0,0.46391156280564444
1608,12.0,0.46350741417557323
1609,12.0,0.46310351144418677
1610,13.0,0.46269985466196584
1611,13.0,0.4622964315101833
1612,16.0,0.46189324207497645
1613,10.0,0.461490249408001
1614,16.0,0.46108752769917255
1615,11.0,0.4606850030015145
1616,11.0,0.46028273705075967
1617,10.0,0.45988072985883094
1618,28.0,0.4594789937217531
1619,13.0,0.459077307712975
1620,22.0,0.4586758563619176
1621,10.0,0.4582745295171381
1622,13.0,0.4578734744202847
1623,13.0,0.45747265437238904
1624,20.0,0.4570720694549528
1625,12.0,0.4566716343480705
1626,12.0,0.4562714468897953
1627,13.0,0.4558715071244204
1628,11.0,0.45547180293177375
1629,12.0,0.45507235869581864
1630,14.0,0.454673162283771
1631,14.0,0.4542741894822296
1632,18.0,0.4538754404057055
1633,11.0,0.45347686675108845
1634,11.0,0.45307855342199366
1635,16.0,0.4526805004241842
1636,14.0,0.4522826474207581
1637,14.0,0.4518850187089691
1638,16.0,0.4514876144009633
1639,12.0,0.4510904105430681
1640,12.0,0.4506934554013108
1641,13.0,0.4502967490152058
1642,13.0,0.4499002794269512
1643,10.0,0.4495040467111063
1644,16.0,0.4491080868616055
1645,11.0,0.448712328077236
1646,11.0,0.4483168302858799
1647,14.0,0.4479215934895474
1648,18.0,0.44752658191259465
1649,11.0,0.4471317480072815
1650,11.0,0.44673717533814666
1651,16.0,0.44634286390592587
1652,22.0,0.44594875431877806
1653,21.0,0.4455547755542865
1654,12.0,0.4451609398569005
1655,12.0,0.4447673541673317
1656,25.0,0.4443740185198095
1657,12.0,0.4439807792957253
1658,11.0,0.44358779048770597
1659,13.0,0.4431950639246285
1660,14.0,0.44280257603573664
1661,11.0,0.44241031511646356
1662,12.0,0.44201831655113405
1663,16.0,0.4416265685874621
1664,12.0,0.44123502430873063
1665,10.0,0.4408437307882369
1666,10.0,0.4404527114839376
1667,10.0,0.44006196635598754
1668,11.0,0.43967149536433475
1669,10.0,0.439281286790282
1670,12.0,0.43889135229519904
1671,31.0,0.4385016685282897
1672,10.0,0.4381120142948354
1673,15.0,0.43772263455479093
1674,10.0,0.4373334711662519
1675,24.0,0.43694458230381705
1676,13.0,0.43655580557160156
1677,10.0,0.4361672688516791
1678,17.0,0.4357790069258227
1679,13.0,0.4353909388184821
1680,11.0,0.4350031109306896
1681,28.0,0.4346155463999922
1682,10.0,0.43422804926058944
1683,20.0,0.4338408273692429
1684,11.0,0.4334537656446289
1685,16.0,0.4330669678175438
1686,12.0,0.43268037647488566
1687,11.0,0.4322940376544924
1688,18.0,0.43190796283668986
1689,13.0,0.43152207188990166
1690,12.0,0.43113642221534976
1691,16.0,0.4307510252923369
1692,11.0,0.43036583549872864
1693,25.0,0.4299809099917082
1694,15.0,0.429596089327352
1695,13.0,0.4292114877398498
1696,13.0,0.4288271280828289
1697,11.0,0.42844301041072297
1698,12.0,0.4280591574611762
1699,24.0,0.42767555788862915
1700,10.0,0.4272920758868715
1701,14.0,0.4269088701901507
1702,29.0,0.42652589556452736
1703,10.0,0.4261429828323664
1704,15.0,0.42576034677999025
1705,11.0,0.42537793104871396
1706,10.0,0.4249957807578041
1707,14.0,0.42461390712753916
1708,35.0,0.42423226519731716
1709,16.0,0.42385061952554265
1710,12.0,0.42346918379445214
1711,10.0,0.4230880029263945
1712,12.0,0.4227070992979795
1713,11.0,0.42232645051499756
1714,20.0,0.42194606774948196
1715,11.0,0.42156585065779034
1716,11.0,0.4211858997467713
1717,12.0,0.42080621499487664
1718,10.0,0.42042678526751315
1719,14.0,0.4200476327796323
1720,12.0,0.41966871311459086
1721,12.0,0.4192900485095156
1722,14.0,0.41891163897563866
1723,10.0,0.4185334624118966
1724,10.0,0.41815556307563884
1725,26.0,0.4177779409092158
1726,14.0,0.4174004195025439
1727,15.0,0.41702313146912856
1728,11.0,0.41664606588669284
1729,10.0,0.4162692668181931
1730,26.0,0.4158927452150769
1731,16.0,0.41551632557003076
1732,11.0,0.4151401179070945
1733,15.0,0.4147641770836814
1734,14.0,0.4143884593464344
1735,13.0,0.4140129757239291
1736,13.0,0.4136377371992978
1737,19.0,0.4132627438124194
1738,15.0,0.4128879302830117
1739,15.0,0.4125133403541632
1740,13.0,0.4121389741320199
1741,11.0,0.41176485342820673
1742,13.0,0.4113909999642049
1743,13.0,0.41101739204941623
1744,10.0,0.410644029721254
1745,11.0,0.4102709454411895
1746,11.0,0.4098981283483742
1747,10.0,0.4095255784122481
1748,12.0,0.4091533063766178
1749,10.0,0.40878129065009955
1750,10.0,0.4084095527394901
1751,13.0,0.40803809257986795
1752,13.0,0.40766687791610867
1753,13.0,0.40729590878307886
1754,18.0,0.4069251852153219
1755,13.0,0.4065546537638561
1756,10.0,0.4061843680568588
1757,12.0,0.4058143601510857
1758,11.0,0.40544460865316634
1759,11.0,0.40507512421498565
1760,10.0,0.4047059068026682
1761,10.0,0.4043369670122184
1762,20.0,0.4039683047761224
1763,15.0,0.40359981394672695
1764,15.0,0.4032315477722798
1765,19.0,0.4028635063500749
1766,11.0,0.4024956474775212
1767,19.0,0.40212805589417505
1768,19.0,0.40176064714121884
1769,13.0,0.4013934214465155
1770,11.0,0.40102644222213135
1771,10.0,0.4006597305363414
1772,15.0,0.4002932968603544
1773,12.0,0.3999270886343328
1774,17.0,0.39956113741249966
1775,11.0,0.3991953908101164
1776,16.0,0.39882991177533395
1777,20.0,0.3984646479994963
1778,13.0,0.3980995578357235
1779,12.0,0.3977347145642812
1780,16.0,0.39737012863193377
1781,16.0,0.39700575839054214
1782,11.0,0.39664160396347153
1783,13.0,0.39627771741530066
1784,10.0,0.39591407795001776
1785,10.0,0.39555071669120456
1786,14.0,0.3951876335645247
1787,13.0,0.39482478711649266
1788,13.0,0.3944621877368183
1789,12.0,0.3940998354483764
1790,15.0,0.3937377405858609
1791,10.0,0.3933758722351247
1792,13.0,0.39301428193535703
1793,10.0,0.39265293877183166
1794,10.0,0.39229187357217304
1795,13.0,0.3919310862600061
1796,10.0,0.3915705460174357
1797,12.0,0.3912102835739429
1798,10.0,0.39085027840155273
1799,16.0,0.3904905509173222
1800,12.0,0.39013103982031394
1801,15.0,0.38977178599961304
1802,11.0,0.3894127588948551
1803,15.0,0.38905399927590695
1804,10.0,0.38869546645323355
1805,13.0,0.3883372112600959
1806,18.0,0.387979203199541
1807,26.0,0.387621391645954
1808,12.0,0.38726369583423215
1809,13.0,0.38690625770005993
1810,12.0,0.38654906713109294
1811,12.0,0.3861921342290854
1812,10.0,0.3858354589776195
1813,17.0,0.38547906148876
1814,14.0,0.3851228713056524
1815,10.0,0.38476691870033514
1816,14.0,0.3844112438486518
1817,22.0,0.3840558065820939
1818,10.0,0.3837005268584107
1819,12.0,0.3833455249831372
1820,10.0,0.3829907808941291
1821,10.0,0.3826363145305101
1822,14.0,0.38228212580921006
1823,11.0,0.38192817481561414
1824,10.0,0.38157449143535516
1825,12.0,0.38122108555321893
1826,10.0,0.3808679372332901
1827,10.0,0.38051506628599013
1828,23.0,0.3801624726271105
1829,11.0,0.37981002754634724
1830,14.0,0.37945784997601384
1831,14.0,0.3791059102432372
1832,13.0,0.3787542083894214
1833,21.0,0.3784027543077092
1834,21.0,0.3780514692748458
1835,10.0,0.3777003535523857
1836,10.0,0.37734951542660594
1837,13.0,0.3769989548107
1838,14.0,0.37664864221932537
1839,15.0,0.3762985678709147
1840,12.0,0.37594872202558227
1841,12.0,0.37559913405694834
1842,11.0,0.3752498039400021
1843,13.0,0.37490074139650353
1844,12.0,0.3745519268964304
1845,27.0,0.37420337017151273
1846,13.0,0.37385492546098636
1847,11.0,0.37350672908143584
1848,10.0,0.37315880042683985
1849,14.0,0.37281114912310626
1850,15.0,0.3724637363846914
1851,18.0,0.37211655258302156
1852,10.0,0.3717695688246445
1853,12.0,0.37142286241009187
1854,12.0,0.3710764139838523
1855,10.0,0.37073022351715923
1856,11.0,0.3703843102040567
1857,13.0,0.3700386643519056
1858,16.0,0.3696932667185628
1859,15.0,0.36934808856407686
1860,11.0,0.3690031395527589
1861,13.0,0.3686584579863951
1862,13.0,0.36831402470453733
1863,12.0,0.36796983970733116
1864,12.0,0.36762591252340887
1865,11.0,0.36728224312140434
1866,15.0,0.36693884097787216
1867,13.0,0.3665956680385924
1868,17.0,0.3662527433392412
1869,12.0,0.3659100289690648
1870,14.0,0.3655675723846469
1871,11.0,0.36522535463945255
1872,10.0,0.3648834041012843
1873,11.0,0.3645417301420976
1874,16.0,0.36420032324066526
1875,10.0,0.36385913625345223
1876,16.0,0.363518225702293
1877,13.0,0.3631775351193993
1878,11.0,0.3628370927479608
1879,17.0,0.36249691733337214
1880,10.0,0.3621569526214847
1881,14.0,0.36181726421126936
1882,11.0,0.3614778146284175
1883,13.0,0.3611386319003956
1884,13.0,0.36079969731236916
1885,13.0,0.3604610108582553
1886,10.0,0.3601225725316876
1887,11.0,0.3597844102066119
1888,14.0,0.3594465145014632
1889,13.0,0.3591088575285184
1890,24.0,0.35877144857390175
1891,10.0,0.35843418584662506
1892,12.0,0.3580971990731575
1893,12.0,0.3577604696884524
1894,14.0,0.35742399765351374
1895,13.0,0.3570877645038442
1896,11.0,0.3567517794630068
1897,13.0,0.3564160609064333
1898,13.0,0.3560805903990923
1899,13.0,0.3557453679309381
1900,10.0,0.355410393491646
1901,11.0,0.35507569452742394
1902,10.0,0.3547412617948503
1903,10.0,0.354407104354892
1904,19.0,0.3540732221060673
1905,10.0,0.35373953293707333
1906,14.0,0.3534061189358627
1907,11.0,0.3530729436315677
1908,11.0,0.35274003428838663
1909,10.0,0.352407390833775
1910,10.0,0.35207502225725534
1911,10.0,0.35174292845602745
1912,15.0,0.35141110932715686
1913,12.0,0.35107951960564393
1914,10.0,0.3507481864047141
1915,10.0,0.35041712770552635
1916,12.0,0.35008634340443945
1917,13.0,0.34975581541233003
1918,12.0,0.34942553470197124
1919,11.0,0.3490955102312422
1920,12.0,0.3487657509181766
1921,11.0,0.3484362477348658
1922,13.0,0.3481070095791508
1923,14.0,0.3477780185091458
1924,16.0,0.34744926558516015
1925,15.0,0.3471207329930313
1926,10.0,0.34679242970839264
1927,10.0,0.34646440024283737
1928,10.0,0.3461366444904362
1929,14.0,0.34580916234513065
1930,10.0,0.34548191824290114
1931,10.0,0.34515494761373294
1932,11.0,0.34482825035108344
1933,14.0,0.34450181751322745
1934,15.0,0.34417562254691386
1935,12.0,0.3438496566470345
1936,25.0,0.34352394627012933
1937,13.0,0.3431983770199625
1938,13.0,0.34287305466236323
1939,12.0,0.34254797917699914
1940,13.0,0.3422231593099663
1941,10.0,0.3418985862542309
1942,11.0,0.34157428623037
1943,17.0,0.34125025039200874
1944,14.0,0.34092642629253267
1945,15.0,0.34060284018089304
1946,24.0,0.3402794833556617
1947,18.0,0.33995627756436303
1948,15.0,0.33963327523797315
1949,13.0,0.3393105025364307
1950,15.0,0.33898797683344906
1951,13.0,0.3386656807851606
1952,11.0,0.3383436317259632
1953,11.0,0.3380218469126726
1954,15.0,0.3377003262626559
1955,16.0,0.33737903520762474
1956,14.0,0.33705796516843894
1957,14.0,0.33673713341045425
1958,13.0,0.33641653993670245
1959,13.0,0.33609619333279767
1960,14.0,0.3357760935723554
1961,11.0,0.33545623206504493
1962,14.0,0.3351366344750252
1963,12.0,0.33481727508407394
1964,15.0,0.3344981709634043
1965,16.0,0.33417929648050443
1966,11.0,0.3338606431489959
1967,10.0,0.33354225355796957
1968,12.0,0.3332241361183468
1969,11.0,0.33290627374117626
1970,14.0,0.33258867484659416
1971,11.0,0.33227131394388526
1972,11.0,0.33195421640808487
1973,14.0,0.331637382152499
1974,17.0,0.33132078577139873
1975,25.0,0.3310044019727769
1976,12.0,0.330688163474918
1977,10.0,0.33037217993352197
1978,13.0,0.33005646809234035
1979,13.0,0.32974100265805534
1980,12.0,0.3294257835990299
1981,11.0,0.32911081925669916
1982,15.0,0.3287961179344803
1983,13.0,0.32848164612560077
1984,11.0,0.32816742054408754
1985,14.0,0.32785345782827385
1986,13.0,0.3275397329099891
1987,16.0,0.3272262541009032
1988,13.0,0.32691299644524247
1989,10.0,0.32659998488766473
1990,13.0,0.3262872442598523
1991,13.0,0.3259747496052852
1992,20.0,0.32566250088936355
1993,15.0,0.3253504402536402
1994,12.0,0.32503860911525
1995,12.0,0.3247270322202108
1996,14.0,0.3244157095047119
1997,11.0,0.32410462445846233
1998,14.0,0.3237938017146383
1999,10.0,0.3234832165673362
2000,12.0,0.32317290178852204
2001,13.0,0.3228628408857275
2002,18.0,0.32255302561732047
2003,10.0,0.32224341510940496
2004,12.0,0.32193407472773977
2005,18.0,0.3216249880533892
2006,12.0,0.3213161061834958
2007,14.0,0.32100747799990803
2008,10.0,0.320699087194192
2009,10.0,0.32039096620204033
2010,15.0,0.3200831149011073
2011,11.0,0.31977549270261696
2012,13.0,0.31946813195849993
2013,13.0,0.31916101642395683
2014,10.0,0.3188541460589335
2015,15.0,0.3185475449924125
2016,11.0,0.3182411728649629
2017,10.0,0.3179350618431828
2018,21.0,0.3176292198598986
2019,12.0,0.3173235585746203
2020,10.0,0.31701815026077534
2021,10.0,0.3167130108519008
2022,12.0,0.31640814022368
2023,14.0,0.31610352228548494
2024,19.0,0.31579914101963386
2025,14.0,0.31549495658669763
2026,11.0,0.315191008886638
2027,12.0,0.3148873217434627
2028,11.0,0.3145838871215934
2029,13.0,0.3142807128785302
2030,13.0,0.31397778307723
2031,10.0,0.3136750976736531
2032,12.0,0.31337268032706456
2033,11.0,0.31307051512713624
2034,11.0,0.31276860988507477
2035,23.0,0.3124669645016901
2036,10.0,0.3121654844980576
2037,16.0,0.311864272227065
2038,10.0,0.3115632804803325
2039,10.0,0.31126255632042726
2040,16.0,0.31096209962003046
2041,10.0,0.3106618633325895
2042,12.0,0.31036189435771755
2043,16.0,0.3100621769639387
2044,15.0,0.3097626799057924
2045,10.0,0.309463411000786
2046,18.0,0.30916440912991267
2047,11.0,0.30886561203698953
2048,16.0,0.30856707410751766
2049,12.0,0.3082687564992206
2050,17.0,0.3079706902006069
2051,10.0,0.3076728364851973
2052,16.0,0.30737524945997446
2053,10.0,0.3070778827213634
2054,10.0,0.3067807825206926
2055,10.0,0.3064839487280861
2056,12.0,0.3061873812135786
2057,18.0,0.3058910644936509
2058,17.0,0.305594952484353
2059,14.0,0.3052990529273851
2060,14.0,0.3050033888287401
2061,15.0,0.3047079601639457
2062,13.0,0.30441275927587835
2063,10.0,0.3041178014131444
2064,12.0,0.30382310936800067
2065,10.0,0.3035286677971794
2066,17.0,0.30323449181606776
2067,10.0,0.30294052817538164
2068,15.0,0.30264682998412623
2069,10.0,0.30235335925718865
2070,10.0,0.3020601538033402
2071,19.0,0.3017672134901853
2072,13.0,0.3014744702871275
2073,13.0,0.30118196951125986
2074,16.0,0.30088971110862284
2075,14.0,0.30059767247124464
2076,11.0,0.3003058686418613
2077,10.0,0.3000143220933155
2078,11.0,0.2997230402099363
2079,12.0,0.2994320153750793
2080,10.0,0.2991412400069098
2081,10.0,0.29885072895489145
2082,10.0,0.29856048208502356
2083,10.0,0.2982704992632239
2084,18.0,0.2979807803553294
2085,10.0,0.2976912657811849
2086,14.0,0.2974020149912029
2087,13.0,0.2971129981972271
2088,13.0,0.2968242227732604
2089,14.0,0.29653568866235197
2090,17.0,0.2962473884199133
2091,10.0,0.2959592998781499
2092,11.0,0.2956714746740725
2093,13.0,0.2953839053105963
2094,17.0,0.29509657697213804
2095,12.0,0.29480946022332133
2096,11.0,0.2945225917873543
2097,10.0,0.2942359789067667
2098,22.0,0.2939496287895562
2099,10.0,0.2936634535805008
2100,15.0,0.29337754106784575
2101,13.0,0.29309185465101145
2102,10.0,0.29280640888994836
2103,18.0,0.29252122555149745
2104,11.0,0.292236246361739
2105,19.0,0.2919515221981951
2106,10.0,0.29166699494882997
2107,17.0,0.2913827298795775
2108,10.0,0.29109867622177493
2109,14.0,0.29081488458732285
2110,10.0,0.2905313259742135
2111,11.0,0.2902480291758759
2112,19.0,0.28996498685487393
2113,10.0,0.28968214137437837
2114,13.0,0.2893995574624999
2115,18.0,0.2891172134597507
2116,10.0,0.28883507347802057
2117,10.0,0.2885531948338715
2118,11.0,0.2882715773878942
2119,12.0,0.2879902138609026
2120,13.0,0.28770909700737307
2121,12.0,0.28742821961536985
2122,11.0,0.28714758873532736
2123,11.0,0.2868672113838291
2124,14.0,0.2865870874460703
2125,11.0,0.28630719553948264
2126,10.0,0.2860275568670133
2127,10.0,0.28574817838589034
2128,10.0,0.28546905995566124
2129,10.0,0.28519020143580576
2130,10.0,0.28491160268573634
2131,13.0,0.2846332635647983
2132,15.0,0.2843551628403043
2133,10.0,0.2840772864018458
2134,12.0,0.2837996693033736
2135,13.0,0.283522297392442
2136,16.0,0.28324516358040325
2137,11.0,0.2829682468335851
2138,29.0,0.28269158206369716
2139,15.0,0.28241504364983333
2140,10.0,0.28213872942096463
2141,17.0,0.28186267413849475
2142,12.0,0.28158682902678467
2143,12.0,0.2813112288136723
2144,10.0,0.2810358734060298
2145,10.0,0.28076077655622206
2146,10.0,0.2804859381213413
2147,10.0,0.2802113579584177
2148,10.0,0.2799370359244191
2149,13.0,0.2796629718762519
2150,11.0,0.2793891450257368
2151,10.0,0.2791155690504547
2152,17.0,0.27884225069692453
2153,10.0,0.2785691418221905
2154,16.0,0.2782962903968735
2155,10.0,0.2780236552329981
2156,12.0,0.27775127732910104
2157,12.0,0.2774791428924613
2158,19.0,0.2772072518279854
2159,10.0,0.27693555638395917
2160,10.0,0.27666411783530986
2161,10.0,0.27639293603752957
2162,13.0,0.2761220108460523
2163,10.0,0.2758513217896344
2164,13.0,0.2755808890988904
2165,10.0,0.2753106923510491
2166,13.0,0.27504075172779635
2167,13.0,0.2747710468547462
2168,10.0,0.2745015776596024
2169,18.0,0.27423236425079184
2170,10.0,0.2739633527318057
2171,11.0,0.27369459683749175
2172,10.0,0.2734260897194744
2173,13.0,0.27315783795098364
2174,10.0,0.2728898213262091
2175,11.0,0.27262205980765075
2176,14.0,0.27235454657876884
2177,14.0,0.2720872615298049
2178,10.0,0.2718202046108559
2179,10.0,0.2715534023581981
2180,10.0,0.2712868546255075
2181,11.0,0.27102056126640717
2182,14.0,0.27075451551183194
2183,13.0,0.2704886973952374
2184,12.0,0.2702231134723629
2185,11.0,0.26995777026688006
2186,12.0,0.2696926742704646
2187,11.0,0.2694278187772002
2188,13.0,0.2691632102626199
2189,10.0,0.2688988354694974
2190,10.0,0.2686347139991076
2191,10.0,0.2683708457041708
2192,10.0,0.2681072304373572
2193,12.0,0.2678438680512872
2194,10.0,0.2675807453436866
2195,11.0,0.26731787525346584
2196,10.0,0.2670552511213945
2197,10.0,0.26679287932725065
2198,12.0,0.2665307597233415
2199,15.0,0.2662688791857928
2200,17.0,0.26600721817325795
2201,14.0,0.2657457637107426
2202,13.0,0.2654845352083687
2203,11.0,0.265223539068545
2204,14.0,0.2649627881110533
2205,12.0,0.26470226288763327
2206,13.0,0.2644419762099321
2207,10.0,0.26418192155059234
2208,12.0,0.26392211808395377
2209,22.0,0.2636625528413527
2210,10.0,0.26340316169955225
2211,10.0,0.2631440215212124
2212,21.0,0.2628851321569724
2213,12.0,0.2626264232906959
2214,11.0,0.2623679523681471
2215,10.0,0.2621097256493566
2216,16.0,0.2618517493632656
2217,12.0,0.2615939852730588
2218,11.0,0.26133645872822986
2219,13.0,0.2610791759573487
2220,16.0,0.2608221241840183
2221,14.0,0.26056528437643217
2222,16.0,0.26030866914129297
2223,11.0,0.2600522658172041
2224,16.0,0.2597961058612192
2225,10.0,0.2595401577144859
2226,10.0,0.2592844590353596
2227,12.0,0.2590290096727444
2228,14.0,0.25877379694907615
2229,11.0,0.2585188082479441
2230,10.0,0.2582640622535597
2231,10.0,0.25800956507772627
2232,11.0,0.2577553165689943
2233,13.0,0.2575013103508364
2234,10.0,0.25724753385971194
2235,14.0,0.25699400564194635
2236,12.0,0.25674070073696237
2237,11.0,0.2564876314733887
2238,10.0,0.25623480393192133
2239,14.0,0.25598222416282157
2240,12.0,0.25572986732650727
2241,14.0,0.255477745690369
2242,12.0,0.2552258468340345
2243,15.0,0.25497418299430985
2244,12.0,0.2547227356390393
2245,10.0,0.25447152313125554
2246,11.0,0.2542205576167755
2247,10.0,0.25396983282383473
2248,10.0,0.253719354733853
2249,16.0,0.25346912319406983
2250,10.0,0.253219101472249
2251,17.0,0.2529693260849162
2252,11.0,0.2527197543079233
2253,13.0,0.25247042258998986
2254,10.0,0.2522213186670375
2255,13.0,0.25197246063050704
2256,13.0,0.2517238301718826
2257,13.0,0.25147542720482546
2258,13.0,0.25122725164283727
2259,10.0,0.25097930339926017
2260,11.0,0.25073160045312065
2261,12.0,0.2504841366361005
2262,11.0,0.2502369058095172
2263,10.0,0.24998991386364788
2264,10.0,0.24974316665904261
2265,13.0,0.24949666404169696
2266,10.0,0.2492503879250409
2267,15.0,0.2490043561318302
2268,11.0,0.2487585386941223
2269,10.0,0.24851295938979018
2270,10.0,0.2482676240346151
2271,11.0,0.24802253247421896
2272,11.0,0.2477776786208647
2273,12.0,0.2475330623421323
2274,14.0,0.24728867758687012
2275,10.0,0.24704451242181807
2276,11.0,0.2468005903962518
2277,15.0,0.24655690545874348
2278,17.0,0.24631343391884186
2279,10.0,0.2460701639669936
2280,10.0,0.2458271367250684
2281,12.0,0.24558435203795537
2282,10.0,0.2453417980300096
2283,10.0,0.2450994862956536
2284,16.0,0.24485741667965594
2285,11.0,0.24461555399595714
2286,14.0,0.24437392737583774
2287,10.0,0.24413251921365797
2288,16.0,0.24389135270771573
2289,11.0,0.24365039284534296
2290,10.0,0.2434096686123577
2291,11.0,0.2431691856697069
2292,10.0,0.2429289380737053
2293,10.0,0.24268893147078108
2294,11.0,0.24244916570504949
2295,14.0,0.24220963485431396
2296,10.0,0.241970321506851
2297,13.0,0.24173124860050155
2298,13.0,0.24149239874486667
2299,12.0,0.24125377184826696
2300,11.0,0.24101537354933772
2301,12.0,0.2407772094579873
2302,10.0,0.24053927372311024
2303,11.0,0.2403015776492034
2304,10.0,0.24006411537789696
2305,10.0,0.23982689246888111
2306,11.0,0.23958990876564779
2307,12.0,0.2393531584310743
2308,13.0,0.23911663565640012
2309,11.0,0.23888033466115793
2310,10.0,0.2386442666710899
2311,12.0,0.23840843720294008
2312,10.0,0.2381728348095643
2313,10.0,0.23793747065278398
2314,11.0,0.23770234457574596
2315,10.0,0.23746745079755566
2316,10.0,0.23723279479942705
2317,10.0,0.23699837642443256
2318,14.0,0.23676419551562727
2319,10.0,0.2365302295324203
2320,12.0,0.23629650075755393
2321,10.0,0.23606299787016716
2322,13.0,0.23582973190493434
2323,10.0,0.23559668600099698
2324,15.0,0.23536387674678988
2325,12.0,0.23513127621536817
2326,10.0,0.23489890099492927
2327,16.0,0.23466676204987524
2328,12.0,0.23443482602448862
2329,10.0,0.23420311499079943
2330,10.0,0.23397163987116903
2331,16.0,0.2337404005079386
2332,12.0,0.2335093637117469
2333,10.0,0.23327855144296505
2334,14.0,0.23304797456814802
2335,11.0,0.23281761099129866
2336,10.0,0.23258747707023997
2337,10.0,0.2323575781383973
2338,11.0,0.23212791403774435
2339,12.0,0.2318984791532881
2340,12.0,0.2316692678975279
2341,10.0,0.23144028015359613
2342,10.0,0.2312115266772225
2343,10.0,0.23098300731021626
2344,12.0,0.23075472189437563
2345,12.0,0.23052665943988804
2346,10.0,0.23029881982953931
2347,14.0,0.2300712137502951
2348,12.0,0.22984381946256766
2349,10.0,0.2296166476667953
2350,13.0,0.2293897090087773
2351,13.0,0.22916298720536082
2352,11.0,0.2289364821592052
2353,10.0,0.22871020449545137
2354,12.0,0.22848415943033196
2355,10.0,0.22825833610968077
2356,11.0,0.22803274509739463
2357,13.0,0.2278073809005281
2358,16.0,0.22758223272567696
2359,10.0,0.22735728451265186
2360,11.0,0.22713256810782861
2361,10.0,0.22690807804500202
2362,10.0,0.22668381948590016
2363,11.0,0.22645979227152585
2364,10.0,0.22623599095579555
2365,11.0,0.22601242068019312
2366,10.0,0.22578907601200926
2367,11.0,0.22556596207926027
2368,11.0,0.2253430734625846
2369,12.0,0.2251204100229468
2370,10.0,0.22489796637432607
2371,12.0,0.2246757528781393
2372,20.0,0.22445375890798785
2373,11.0,0.2242319425289408
2374,11.0,0.2240103507639914
2375,11.0,0.2237889834736283
2376,10.0,0.22356784051829565
2377,11.0,0.22334692695880082
2378,10.0,0.22312623744185012
2379,14.0,0.22290577701494851
2380,12.0,0.2226855247962986
2381,10.0,0.22246549105350205
2382,11.0,0.22224568600124384
2383,13.0,0.22202610431907654
2384,10.0,0.2218067355586713
2385,17.0,0.2215875950623904
2386,11.0,0.2213686466830624
2387,16.0,0.22114992120571092
2388,10.0,0.2209313928503921
2389,20.0,0.2207130923034228
2390,10.0,0.22049496825626214
2391,11.0,0.22027707182808764
2392,11.0,0.2200593977568694
2393,16.0,0.2198419459019299
2394,11.0,0.2196246906788462
2395,12.0,0.2194076574556728
2396,14.0,0.21919084101578779
2397,10.0,0.2189742310992947
2398,13.0,0.21875784787456426
2399,12.0,0.21854167601229724
2400,11.0,0.21832572046002457
2401,10.0,0.21810998613927213
2402,10.0,0.2178944779456266
2403,13.0,0.21767919571842692
2404,10.0,0.21746412422524286
2405,10.0,0.21724927841586178
2406,15.0,0.2170346581295705
2407,12.0,0.21682023818262164
2408,11.0,0.21660603350523888
2409,11.0,0.21639204896689618
2410,11.0,0.21617828442599163
2411,11.0,0.2159647397408876
2412,10.0,0.21575141476991083
2413,10.0,0.21553831433750226
2414,12.0,0.21532543828275902
2415,14.0,0.21511277653801647
2416,13.0,0.21490031908660145
2417,10.0,0.2146880707846327
2418,12.0,0.2144760463311981
2419,10.0,0.21426423570938657
2420,13.0,0.21405264863939188
2421,10.0,0.21384127021441474
2422,11.0,0.213630115057099
2423,15.0,0.21341917810373806
2424,12.0,0.21320843962715802
2425,11.0,0.21299791423076553
2426,12.0,0.2127876066748134
2427,10.0,0.21257751193962166
2428,10.0,0.2123676396437511
2429,11.0,0.2121579896258956
2430,10.0,0.21194855686630049
2431,10.0,0.21173934607468564
2432,11.0,0.21153035708975054
2433,10.0,0.21132158491055586
2434,12.0,0.2111130342279795
2435,16.0,0.21090469522644617
2436,10.0,0.2106965484985463
2437,12.0,0.2104886228831953
2438,10.0,0.210280908602115
2439,10.0,0.21007341513564565
2440,13.0,0.20986614232234463
2441,13.0,0.20965907563146252
2442,10.0,0.2094522149574265
2443,11.0,0.20924557452666082
2444,10.0,0.20903914940647278
2445,12.0,0.20883294421890253
2446,12.0,0.2086269492848179
2447,11.0,0.20842116447975534
2448,10.0,0.20821559442565374
2449,13.0,0.20801024371974397
2450,10.0,0.2078050979980013
2451,11.0,0.2076001713382179
2452,12.0,0.20739545885693095
2453,13.0,0.2071909556952301
2454,12.0,0.20698665701869423
2455,12.0,0.20678256742428341
2456,14.0,0.20657868678703062
2457,10.0,0.20637500559940514
2458,15.0,0.20617154251352315
2459,14.0,0.20596827397236306
2460,10.0,0.2057652045784895
2461,11.0,0.20556235291056285
2462,14.0,0.20535971414588067
2463,10.0,0.20515727417660995
2464,10.0,0.20495505150825605
2465,12.0,0.20475304597885657
2466,11.0,0.20455124815338965
2467,10.0,0.20434966253669912
2468,10.0,0.2041482936094034
2469,11.0,0.20394714120954593
2470,10.0,0.20374620056280057
2471,10.0,0.2035454761316735
2472,11.0,0.203344967754239
2473,11.0,0.20314467067424807
2474,10.0,0.20294458474781668
2475,12.0,0.20274471441338116
2476,10.0,0.20254505035634313
2477,10.0,0.20234560159146187
2478,11.0,0.20214636795683938
2479,11.0,0.20194734473217552
2480,11.0,0.20174853177350155
2481,10.0,0.20154992893682921
2482,16.0,0.20135154061869687
2483,13.0,0.2011533394496378
2484,10.0,0.20095533896070095
2485,12.0,0.20075755261152745
2486,13.0,0.20055997120654023
2487,10.0,0.200362590108429
2488,21.0,0.20016542272333926
2489,11.0,0.19996841939966975
2490,17.0,0.19977162510172897
2491,15.0,0.19957501276151962
2492,10.0,0.1993785913033052
2493,11.0,0.19918238303043906
2494,11.0,0.19898638331095903
2495,12.0,0.19879059200013705
2496,11.0,0.1985950044953788
2497,11.0,0.19839962512149723
2498,12.0,0.19820445373369805
2499,14.0,0.1980094857468871
2500,11.0,0.19781471216488505
2501,16.0,0.1976201461811789
2502,11.0,0.1974257655369731
2503,12.0,0.19723159225943931
2504,17.0,0.19703762179239775
2505,13.0,0.1968438319816458
2506,11.0,0.19665024038464857
2507,10.0,0.19645685567840387
2508,16.0,0.19626368210554923
2509,13.0,0.19607069321070458
2510,10.0,0.19587790206435257
2511,10.0,0.1956853216674514
2512,10.0,0.19549295185725257
2513,12.0,0.1953007924710331
2514,10.0,0.19510883463956524
2515,10.0,0.194917086929717
2516,10.0,0.1947255491788049
2517,21.0,0.19453422122417174
2518,15.0,0.19434305526997048
2519,11.0,0.19415207729001505
2520,10.0,0.1939613044827217
2521,13.0,0.193770741015511
2522,13.0,0.193580373803305
2523,14.0,0.19339020273462992
2524,11.0,0.19320022340192367
2525,10.0,0.19301044858156968
2526,16.0,0.19282088241233464
2527,10.0,0.1926314990576351
2528,18.0,0.1924423240963588
2529,10.0,0.19225332322473748
2530,10.0,0.1920645305112474
2531,14.0,0.19187594579283013
2532,10.0,0.19168755190394943
2533,10.0,0.19149936572927562
2534,13.0,0.19131138710576417
2535,10.0,0.19112360316927557
2536,12.0,0.1909360264917127
2537,12.0,0.19074864846514616
2538,10.0,0.19056146896028686
2539,11.0,0.19037449627027286
2540,16.0,0.19018772602647943
2541,18.0,0.19000113708256317
2542,10.0,0.18981472098733781
2543,11.0,0.1896285112226836
2544,10.0,0.1894425034421791
2545,10.0,0.1892567016771331
2546,11.0,0.18907110576444464
2547,12.0,0.18888571137447363
2548,11.0,0.1887005141998353
2549,13.0,0.18851551826627133
2550,10.0,0.18833071512754318
2551,22.0,0.18814611710363016
2552,10.0,0.1879616743652861
2553,11.0,0.187777436548355
2554,10.0,0.18759339936184588
2555,13.0,0.18740956678143567
2556,12.0,0.18722592629365092
2557,10.0,0.18704248189618844
2558,13.0,0.18685924167045942
2559,11.0,0.18667619315247747
2560,10.0,0.18649334441811727
2561,10.0,0.1863106994100237
2562,13.0,0.18612825796509952
2563,10.0,0.1859460076851413
2564,12.0,0.18576396067503087
2565,10.0,0.1855821086367953
2566,14.0,0.1854004595641483
2567,11.0,0.1852189970677981
2568,13.0,0.18503773320341854
2569,12.0,0.1848566597328935
2570,14.0,0.18467578058233786
2571,11.0,0.18449508755155625
2572,10.0,0.1843145926308269
2573,10.0,0.184134299697358
2574,11.0,0.18395420858812156
2575,10.0,0.1837743151268973
2576,10.0,0.18359462317474295
2577,10.0,0.18341513256872477
2578,13.0,0.18323584314594682
2579,12.0,0.18305674276844375
2580,10.0,0.18287783530803353
2581,10.0,0.18269912859599496
2582,10.0,0.18252062246949458
2583,10.0,0.18234231676573737
2584,14.0,0.1821642113219672
2585,10.0,0.18198629013711104
2586,10.0,0.18180856892949765
2587,10.0,0.181631047536416
2588,10.0,0.1814537257951946
2589,10.0,0.18127660354320135
2590,10.0,0.18109968061784398
2591,11.0,0.18092295685657
2592,10.0,0.18074642817447395
2593,15.0,0.180570098342056
2594,13.0,0.1803939476377725
2595,15.0,0.18021798379147108
2596,11.0,0.1800421988856179
2597,10.0,0.17986660842074786
2598,10.0,0.17969121614086347
2599,10.0,0.17951602188346888
2600,10.0,0.17934102548610953
2601,10.0,0.1791662267863725
2602,13.0,0.17899162562188653
2603,12.0,0.17881721023677266
2604,10.0,0.1786429843750717
2605,10.0,0.1784689556139472
2606,13.0,0.1782951237911074
2607,10.0,0.17812147721336935
2608,10.0,0.17794802728067965
2609,12.0,0.17777477383082113
2610,10.0,0.1776017090455168
2611,10.0,0.1774288404394821
2612,11.0,0.17725616785059367
2613,13.0,0.17708368730426094
2614,13.0,0.1769113910392695
2615,10.0,0.17673927894007613
2616,10.0,0.1765673622821411
2617,11.0,0.17639564090343635
2618,11.0,0.17622411085525463
2619,10.0,0.1760527719910765
2620,18.0,0.175881627940841
2621,12.0,0.17571064837210337
2622,10.0,0.17553985584316
2623,10.0,0.1753692577449379
2624,15.0,0.17519885391551132
2625,10.0,0.17502862543870473
2626,10.0,0.174858590957986
2627,12.0,0.17468875031147862
2628,17.0,0.17451909586620606
2629,10.0,0.17434960883844386
2630,10.0,0.17418031525093708
2631,12.0,0.17401121494183688
2632,10.0,0.17384230031880274
2633,11.0,0.17367357867086342
2634,11.0,0.17350504613112389
2635,11.0,0.17333670255303824
2636,14.0,0.17316854779007324
2637,11.0,0.17300057062565677
2638,16.0,0.17283278201353455
2639,10.0,0.17266516340738602
2640,10.0,0.17249773678561436
2641,11.0,0.17233050198656596
2642,13.0,0.17216345518373177
2643,10.0,0.17199658891077602
2644,10.0,0.17182991401586678
2645,10.0,0.17166343033747503
2646,11.0,0.17149713771412045
2647,11.0,0.1713310323444406
2648,11.0,0.17116511408198537
2649,10.0,0.17099938278031973
2650,14.0,0.17083384191803916
2651,10.0,0.1706684768536395
2652,11.0,0.17050330194574254
2653,10.0,0.17033831342294356
2654,10.0,0.17017351474407447
2655,10.0,0.1700089057479628
2656,11.0,0.16984448627348622
2657,10.0,0.16968025256916508
2658,10.0,0.16951620807422796
2659,12.0,0.16935235262768666
2660,10.0,0.16918867891728284
2661,16.0,0.16902519395306848
2662,16.0,0.1688618761790342
2663,10.0,0.1686987255224512
2664,10.0,0.16853576324688543
2665,13.0,0.16837298919141758
2666,10.0,0.16821039255624415
2667,18.0,0.16804798384871772
2668,10.0,0.16788573461544393
2669,10.0,0.1677236730660227
2670,10.0,0.16756179903960872
2671,14.0,0.1674001123754091
2672,12.0,0.16723859884405096
2673,10.0,0.16707726536755999
2674,12.0,0.16691611882920754
2675,11.0,0.16675515206300182
2676,10.0,0.1665943684350849
2677,10.0,0.16643377129231413
2678,15.0,0.16627336047411664
2679,10.0,0.1661131184030042
2680,13.0,0.16595306238349455
2681,15.0,0.16579318183370564
2682,10.0,0.1656334696983055
2683,10.0,0.16547394320973413
2684,10.0,0.16531460220752536
2685,13.0,0.16515544653126757
2686,11.0,0.16499646567092147
2687,11.0,0.1648376663993196
2688,12.0,0.1646790485704402
2689,11.0,0.1645206086026653
2690,10.0,0.1643623497951313
2691,10.0,0.1642042754279954
2692,10.0,0.16404638534109867
2693,10.0,0.16388867937433793
2694,11.0,0.16373115736766577
2695,13.0,0.16357381575387614
2696,10.0,0.16341664758217866
2697,20.0,0.16325966292843247
2698,10.0,0.16310282770189505
2699,10.0,0.16294617576756804
2700,10.0,0.16278970696551043
2701,14.0,0.16263342113583812
2702,13.0,0.1624773046214466
2703,12.0,0.16232136068834266
2704,11.0,0.162165592583771
2705,10.0,0.1620100035362666
2706,12.0,0.16185459675570812
2707,13.0,0.161699365380429
2708,11.0,0.16154430593236224
2709,10.0,0.1613894249770687
2710,10.0,0.16123472570590058
2711,10.0,0.16108020795928746
2712,10.0,0.16092587157771715
2713,10.0,0.1607717164017361
2714,10.0,0.16061774227194922
2715,16.0,0.16046394902902023
2716,14.0,0.16031031665781284
2717,10.0,0.16015685169138333
2718,10.0,0.16000356722608444
2719,12.0,0.15985046310265355
2720,10.0,0.15969753258003533
2721,10.0,0.15954478209926795
2722,10.0,0.15939221150123506
2723,10.0,0.15923982062688014
2724,10.0,0.15908760931720659
2725,10.0,0.1589355774132778
2726,13.0,0.15878372475621727
2727,10.0,0.1586320414103246
2728,10.0,0.158480537020998
2729,15.0,0.15832921142949377
2730,10.0,0.1581780482504203
2731,12.0,0.15802706359715668
2732,10.0,0.15787625083848578
2733,11.0,0.15772561630647786
2734,11.0,0.1575751566153264
2735,10.0,0.15742487162006633
2736,12.0,0.1572747643940051
2737,14.0,0.15712482835125324
2738,10.0,0.15697505694192576
2739,10.0,0.15682546288062318
2740,10.0,0.15667604600903545
2741,10.0,0.15652680616891457
2742,10.0,0.15637774320207465
2743,12.0,0.15622885695039213
2744,10.0,0.1560801408909971
2745,10.0,0.1559316012485238
2746,15.0,0.15578323786500423
2747,13.0,0.15563503473727675
2748,12.0,0.15548699810333083
2749,10.0,0.15533913100540409
2750,10.0,0.15519143962372414
2751,12.0,0.15504392380047963
2752,14.0,0.15489657708412777
2753,12.0,0.15474939305851118
2754,10.0,0.15460237789504316
2755,12.0,0.15445553772983533
2756,10.0,0.15430886614673636
2757,10.0,0.15416236926430243
2758,10.0,0.15401604692501114
2759,15.0,0.1538698989714043
2760,12.0,0.15372390968750047
2761,10.0,0.1535780883036147
2762,10.0,0.15343244089456676
2763,12.0,0.15328696730304714
2764,11.0,0.1531416611833113
2765,10.0,0.15299652549419923
2766,12.0,0.1528515631771586
2767,15.0,0.15270676791268706
2768,12.0,0.1525621303391937
2769,10.0,0.15241765958228004
2770,10.0,0.15227336164731264
2771,10.0,0.15212923637731757
2772,13.0,0.15198528361538674
2773,12.0,0.15184149403894326
2774,10.0,0.1516978705809239
2775,10.0,0.15155441920365867
2776,10.0,0.1514111397504267
2777,10.0,0.15126803206457362
2778,10.0,0.15112509598951163
2779,13.0,0.15098233136871952
2780,11.0,0.1508397289701669
2781,10.0,0.1506972947177601
2782,12.0,0.15055503148458693
2783,12.0,0.1504129330895561
2784,11.0,0.15027099940196667
2785,10.0,0.15012923329500164
2786,10.0,0.14998763762485912
2787,10.0,0.14984621223541672
2788,10.0,0.14970495697061975
2789,10.0,0.14956387167448126
2790,10.0,0.1494229561910821
2791,10.0,0.1492822103645711
2792,10.0,0.14914163403916508
2793,11.0,0.149001227059149
2794,10.0,0.14886098630304634
2795,10.0,0.14872091458951242
2796,10.0,0.14858101176302183
2797,10.0,0.14844127766811765
2798,10.0,0.14830171214941162
2799,11.0,0.14816231505158406
2800,12.0,0.14802308327869154
2801,12.0,0.1478840137515473
2802,10.0,0.14774510634002536
2803,10.0,0.1476063667703913
2804,13.0,0.1474677948875947
2805,10.0,0.14732938177700974
2806,12.0,0.14719113606825285
2807,10.0,0.14705305178325329
2808,12.0,0.14691513460692623
2809,14.0,0.14677737857785067
2810,10.0,0.14663977776769743
2811,13.0,0.1465023436515549
2812,10.0,0.14636506740190824
2813,12.0,0.14622795756170476
2814,22.0,0.14609100821092097
2815,10.0,0.14595419043342403
2816,10.0,0.14581753871665382
2817,15.0,0.14568105290605007
2818,10.0,0.14554471851541462
2819,12.0,0.14540854976288647
2820,10.0,0.14527254077769136
2821,10.0,0.14513669713813243
2822,10.0,0.14500101868990084
2823,12.0,0.14486550527875935
2824,11.0,0.14473015106673295
2825,12.0,0.1445949587619104
2826,10.0,0.14445992538859437
2827,10.0,0.14432505647656954
2828,11.0,0.14419035187188334
2829,10.0,0.14405580859898093
2830,10.0,0.14392142933379093
2831,12.0,0.1437872139225625
2832,10.0,0.14365315659242744
2833,13.0,0.14351926282503613
2834,13.0,0.1433855240621279
2835,11.0,0.14325194018627768
2836,10.0,0.14311851666715808
2837,10.0,0.14298525615288718
2838,14.0,0.14285215849009025
2839,10.0,0.14271921239915952
2840,10.0,0.14258642888503928
2841,11.0,0.14245380779451577
2842,13.0,0.14232134620480816
2843,10.0,0.14218903844341393
2844,12.0,0.1420568926781244
2845,10.0,0.14192490324046708
2846,13.0,0.141793075508851
2847,10.0,0.1416614010808901
2848,10.0,0.14152988807699673
2849,10.0,0.14139853634441574
2850,10.0,0.1412673457304661
2851,12.0,0.14113631608254099
2852,10.0,0.14100544178778124
2853,12.0,0.14087472816974073
2854,10.0,0.14074416963135655
2855,10.0,0.1406137714805885
2856,10.0,0.14048353356514445
2857,10.0,0.14035345573280694
2858,11.0,0.14022353783143338
2859,10.0,0.1400937770061427
2860,10.0,0.13996417581553156
2861,10.0,0.13983473410766795
2862,10.0,0.13970545173069504
2863,10.0,0.13957632853283117
2864,10.0,0.13944736436237
2865,10.0,0.1393185590676806
2866,12.0,0.1391899124972074
2867,11.0,0.13906141915578513
2868,11.0,0.13893308158310197
2869,10.0,0.13880489963933687
2870,10.0,0.13867687584502247
2871,13.0,0.13854901004892473
2872,10.0,0.13842129414196866
2873,10.0,0.13829373595394878
2874,10.0,0.1381663353338165
2875,10.0,0.13803909213059953
2876,10.0,0.13791200619340183
2877,11.0,0.13778507737140372
2878,10.0,0.1376583028841128
2879,13.0,0.13753168521820847
2880,10.0,0.13740521635661662
2881,10.0,0.137278904038015
2882,10.0,0.13715274811191047
2883,13.0,0.1370267484278868
2884,10.0,0.13690089701452357
2885,13.0,0.13677520156526402
2886,13.0,0.1366496541314116
2887,11.0,0.13652425459667195
2888,11.0,0.13639900802868632
2889,10.0,0.13627391428863345
2890,10.0,0.13614897582221108
2891,13.0,0.1360241924794669
2892,10.0,0.1358995563795658
2893,10.0,0.13577507512607723
2894,10.0,0.13565074856924025
2895,12.0,0.13552657655937195
2896,12.0,0.13540255382271393
2897,10.0,0.13527868023203557
2898,12.0,0.13515496076942735
2899,11.0,0.13503139018357962
2900,12.0,0.1349079708945988
2901,12.0,0.13478470022074074
2902,10.0,0.13466157803493423
2903,11.0,0.1345386092824487
2904,10.0,0.13441579128168007
2905,11.0,0.13429312642341046
2906,11.0,0.13417061203353503
2907,10.0,0.13404824797415882
2908,13.0,0.13392603662521962
2909,10.0,0.13380397029558286
2910,10.0,0.13368205640085223
2911,12.0,0.13356029479236808
2912,10.0,0.13343868031522904
2913,12.0,0.13331721784183034
2914,11.0,0.13319590223196884
2915,10.0,0.13307473585132676
2916,12.0,0.13295372105109007
2917,13.0,0.13283285271303658
2918,10.0,0.13271212822936035
2919,10.0,0.1325915549177374
2920,10.0,0.13247113263008836
2921,10.0,0.1323508612184141
2922,11.0,0.1322307405347955
2923,10.0,0.13211076796807053
2924,15.0,0.13199094584099288
2925,12.0,0.1318712617251805
2926,10.0,0.13175172288446685
2927,10.0,0.13163233409068326
2928,10.0,0.13151309519628473
2929,10.0,0.13139400605380702
2930,10.0,0.1312750665158666
2931,10.0,0.13115627643516067
2932,13.0,0.1310376356644674
2933,12.0,0.1309191367739232
2934,10.0,0.13080078207244591
2935,10.0,0.1306825762752479
2936,10.0,0.13056451923536438
2937,13.0,0.1304466108059118
2938,10.0,0.13032884361049168
2939,12.0,0.1302112247531501
2940,10.0,0.1300937492815825
2941,10.0,0.12997642186889494
2942,10.0,0.12985924236854443
2943,10.0,0.12974221063406963
2944,13.0,0.12962532651909087
2945,12.0,0.12950858272153754
2946,15.0,0.12939198150843406
2947,11.0,0.12927551561977152
2948,10.0,0.1291591944608778
2949,10.0,0.12904302026739678
2950,10.0,0.128926992893295
2951,17.0,0.12881111219262148
2952,12.0,0.1286953614934798
2953,10.0,0.1285797525098763
2954,10.0,0.12846428982465558
2955,10.0,0.12834897329207792
2956,12.0,0.12823380276648644
2957,10.0,0.12811877341518035
2958,11.0,0.12800388979358068
2959,12.0,0.12788914941957827
2960,10.0,0.12777454982489844
2961,10.0,0.12766009554446683
2962,10.0,0.1275457864330587
2963,10.0,0.12743162234553246
2964,13.0,0.12731760313682974
2965,11.0,0.12720372171364025
2966,11.0,0.12708998258718
2967,12.0,0.12697638562282515
2968,10.0,0.12686292838012173
2969,10.0,0.12674961533973658
2970,10.0,0.12663644635702115
2971,10.0,0.12652342128741056
2972,10.0,0.12641053998642376
2973,10.0,0.12629780230966342
2974,16.0,0.12618520811281608
2975,10.0,0.1260727435585572
2976,12.0,0.12596042223626946
2977,12.0,0.12584823945091958
2978,11.0,0.12573619507862005
2979,11.0,0.12562429126424568
2980,10.0,0.12551252787391745
2981,10.0,0.1254009070358424
2982,10.0,0.12528942860622613
2983,10.0,0.12517809244135877
2984,12.0,0.12506689839761498
2985,10.0,0.1249558418341034
2986,15.0,0.12484492711802805
2987,14.0,0.12473414289586977
2988,10.0,0.1246234913128103
2989,11.0,0.12451298120689952
2990,10.0,0.12440261020280222
2991,10.0,0.12429238039603863
2992,10.0,0.12418229164350933
2993,10.0,0.1240723438022001
2994,10.0,0.12396253672918192
2995,13.0,0.12385287028161103
2996,15.0,0.1237433376798283
2997,10.0,0.12363393439266034
2998,10.0,0.12352467135534985
2999,10.0,0.12341554842529373
3000,10.0,0.1233065654599745
3001,10.0,0.12319772231696036
3002,14.0,0.12308901885390519
3003,10.0,0.1229804461708946
3004,12.0,0.12287201290943102
3005,15.0,0.12276371456155262
3006,10.0,0.12265554446567585
3007,10.0,0.12254751341054897
3008,10.0,0.12243962125420361
3009,11.0,0.12233186785475765
3010,10.0,0.12222425090368759
3011,10.0,0.12211677243246001
3012,12.0,0.12200943229943916
3013,10.0,0.12190222604894194
3014,11.0,0.12179515786648704
3015,13.0,0.12168822546002632
3016,10.0,0.12158142440297093
3017,10.0,0.12147476101560759
3018,10.0,0.1213682351567452
3019,12.0,0.12126184668527944
3020,11.0,0.12115559119085707
3021,11.0,0.12104947068313272
3022,11.0,0.12094348503077632
3023,11.0,0.12083763410252024
3024,12.0,0.12073191776715944
3025,14.0,0.12062633377476148
3026,10.0,0.12052087777248435
3027,11.0,0.12041555810760243
3028,10.0,0.12031037253033552
3029,10.0,0.12020532301591608
3030,10.0,0.12010040942403755
3031,10.0,0.11999563161448082
3032,10.0,0.1198909894471142
3033,11.0,0.11978648278189351
3034,11.0,0.11968210938839877
3035,10.0,0.1195778691361423
3036,12.0,0.11947376397891278
3037,10.0,0.11936978961480456
3038,10.0,0.11926595007883517
3039,10.0,0.11916224523143766
3040,11.0,0.11905867493313285
3041,11.0,0.11895523697587232
3042,12.0,0.11885193122964996
3043,10.0,0.11874875550206095
3044,12.0,0.11864571379124382
3045,10.0,0.11854280184554258
3046,10.0,0.11844002365085896
3047,10.0,0.11833737906825735
3048,10.0,0.11823486795889038
3049,12.0,0.11813249018399885
3050,10.0,0.11803024152309724
3051,12.0,0.11792812593167117
3052,10.0,0.11782613920163393
3053,11.0,0.11772428527634642
3054,11.0,0.11762256198876644
3055,10.0,0.1175209692097604
3056,10.0,0.11741950883284477
3057,10.0,0.11731818071989604
3058,13.0,0.11721698473287934
3059,10.0,0.11711591469341584
3060,10.0,0.11701497652224892
3061,13.0,0.1169141700815742
3062,10.0,0.11681348922046181
3063,10.0,0.11671293983259763
3064,13.0,0.11661252178040833
3065,10.0,0.11651222894030865
3066,11.0,0.1164120671790326
3067,10.0,0.11631203436987737
3068,10.0,0.1162121323709454
3069,10.0,0.11611236104506135
3070,10.0,0.11601272025513909
3071,10.0,0.11591320986418165
3072,11.0,0.11581382973528127
3073,10.0,0.11571457776018212
3074,10.0,0.11561545577953963
3075,10.0,0.11551646365670222
3076,10.0,0.11541760125510765
3077,11.0,0.1153188684382831
3078,10.0,0.11522026311323723
3079,10.0,0.11512178710619249
3080,10.0,0.11502344028093275
3081,13.0,0.11492522250133141
3082,12.0,0.11482712779690965
3083,10.0,0.11472915800004548
3084,10.0,0.11463131687033656
3085,10.0,0.11453360427195683
3086,11.0,0.11443602006916993
3087,10.0,0.1143385621961724
3088,10.0,0.11424123245340406
3089,15.0,0.11414403070538642
3090,11.0,0.11404694720968805
3091,14.0,0.1139499895486386
3092,10.0,0.11385315184890256
3093,14.0,0.11375644166088045
3094,12.0,0.11365985121024617
3095,15.0,0.11356338421047608
3096,10.0,0.11346703483186904
3097,10.0,0.11337081248840473
3098,10.0,0.11327471704517487
3099,10.0,0.1131787483673616
3100,10.0,0.1130829063202375
3101,10.0,0.11298719076916566
3102,10.0,0.11289160157959967
3103,10.0,0.11279613861708361
3104,10.0,0.11270080174725217
3105,15.0,0.11260559083583056
3106,10.0,0.11251049637205947
3107,10.0,0.11241552762690973
3108,16.0,0.11232068446632193
3109,11.0,0.11222595555565441
3110,10.0,0.11213135013181705
3111,10.0,0.11203686993056441
3112,10.0,0.11194251481812148
3113,10.0,0.11184828466080415
3114,10.0,0.1117541793250193
3115,15.0,0.11166019867726482
3116,13.0,0.1115663333491789
3117,10.0,0.11147258693797996
3118,11.0,0.11137896485976762
3119,12.0,0.11128546514275059
3120,11.0,0.11119208582643397
3121,10.0,0.11109882862751258
3122,10.0,0.11100569525155224
3123,10.0,0.11091268556564618
3124,11.0,0.110819799436979
3125,12.0,0.1107270349110156
3126,10.0,0.11063439004442935
3127,11.0,0.1105418683538339
3128,15.0,0.11044946789326224
3129,10.0,0.11035718129576577
3130,13.0,0.11026501751025922
3131,12.0,0.11017297098890039
3132,10.0,0.11008104342675717
3133,10.0,0.10998923830758443
3134,12.0,0.10989755549932767
3135,11.0,0.1098059912816646
3136,10.0,0.10971454733062036
3137,13.0,0.10962322531130966
3138,10.0,0.10953201973413049
3139,13.0,0.10944093584173131
3140,10.0,0.1093499681610458
3141,10.0,0.10925912191844615
3142,10.0,0.10916839698251468
3143,10.0,0.10907779322192573
3144,10.0,0.1089873105054458
3145,10.0,0.10889694870193348
3146,10.0,0.10880670768033948
3147,15.0,0.10871658730970671
3148,13.0,0.10862657866518273
3149,10.0,0.10853668516864551
3150,10.0,0.10844691197382095
3151,12.0,0.1083572589500342
3152,10.0,0.10826772247063932
3153,11.0,0.10817830591193942
3154,10.0,0.10808900740084496
3155,10.0,0.10799982855505
3156,10.0,0.10791076924430935
3157,12.0,0.10782182933847032
3158,10.0,0.10773300524349226
3159,11.0,0.10764430030403227
3160,15.0,0.10755571266352232
3161,10.0,0.10746723530405189
3162,10.0,0.10737887674249101
3163,12.0,0.10729063684915671
3164,10.0,0.10720251206230791
3165,15.0,0.1071145056951584
3166,12.0,0.10702660906429005
3167,10.0,0.10693882720436401
3168,10.0,0.10685116341293574
3169,10.0,0.10676361756078315
3170,10.0,0.10667618951877705
3171,11.0,0.1065888791578812
3172,10.0,0.1065016846541017
3173,10.0,0.10641460757886331
3174,10.0,0.10632764780339804
3175,10.0,0.10624080519903088
3176,12.0,0.10615407963717982
3177,12.0,0.1060674676253077
3178,10.0,0.10598096905058763
3179,12.0,0.10589458715391953
3180,10.0,0.10580831845855229
3181,13.0,0.1057221661951644
3182,10.0,0.10563612522841778
3183,10.0,0.10555020045303648
3184,10.0,0.10546439174108888
3185,10.0,0.10537869896473659
3186,10.0,0.10529312199623445
3187,10.0,0.10520766070793053
3188,10.0,0.10512231497226615
3189,11.0,0.10503708466177591
3190,10.0,0.10495196800052858
3191,14.0,0.1048669665149044
3192,11.0,0.10478207350385818
3193,10.0,0.10469729379356363
3194,10.0,0.10461262890296875
3195,15.0,0.10452807870510597
3196,10.0,0.10444363490655523
3197,10.0,0.10435930557237919
3198,10.0,0.10427509057583904
3199,10.0,0.10419098979028951
3200,10.0,0.10410700308917878
3201,10.0,0.1040231303460486
3202,10.0,0.10393937143453422
3203,10.0,0.10385572622836442
3204,10.0,0.10377219460136154
3205,10.0,0.10368877642744145
3206,10.0,0.10360547158061356
3207,10.0,0.10352227993498085
3208,10.0,0.10343920136473986
3209,10.0,0.10335623574418068
3210,10.0,0.10327338294768701
3211,10.0,0.10319064284973609
3212,10.0,0.10310801532489877
3213,10.0,0.10302550024783948
3214,11.0,0.10294309749331623
3215,11.0,0.10286080535035647
3216,13.0,0.10277862370130161
3217,12.0,0.10269654926677364
3218,10.0,0.10261458352245226
3219,11.0,0.10253272951021065
3220,10.0,0.10245098553176865
3221,10.0,0.10236935304089687
3222,10.0,0.10228783191302215
3223,10.0,0.1022064220236651
3224,10.0,0.10212512324844006
3225,10.0,0.10204393546305512
3226,10.0,0.10196285854331216
3227,10.0,0.10188189236510681
3228,10.0,0.10180103680442845
3229,10.0,0.10172029173736025
3230,10.0,0.10163965704007913
3231,10.0,0.10155913258885581
3232,10.0,0.10147871826005475
3233,11.0,0.10139841393013423
3234,10.0,0.1013182179360997
3235,11.0,0.10123813169894869
3236,10.0,0.10115815356066626
3237,10.0,0.10107828493761269
3238,10.0,0.10099852570669543
3239,10.0,0.10091887574491579
3240,10.0,0.10083933492936889
3241,10.0,0.10075990313724367
3242,10.0,0.10068058024582287
3243,10.0,0.10060136613248305
3244,13.0,0.10052226067469464
3245,10.0,0.10044325921012827
3246,10.0,0.10036436617053587
3247,10.0,0.10028558143364005
3248,10.0,0.10020690487725728
3249,10.0,0.10012833637929788
3250,11.0,0.10004987581776606
3251,10.0,0.09997152157161421
3252,12.0,0.09989327502287466
3253,10.0,0.09981513306091545
3254,10.0,0.09973709856237858
3255,10.0,0.0996591714057086
3256,12.0,0.0995813514694439
3257,10.0,0.0995036356619986
3258,10.0,0.09942602684163003
3259,12.0,0.09934852488713908
3260,10.0,0.09927112672115285
3261,10.0,0.09919383518820257
3262,10.0,0.09911665016735174
3263,10.0,0.09903957153775778
3264,10.0,0.098962599178672
3265,10.0,0.09888573296943977
3266,10.0,0.0988089727895003
3267,12.0,0.09873231851838676
3268,10.0,0.09865576711638017
3269,10.0,0.09857932139172099
3270,10.0,0.09850298122420516
3271,10.0,0.0984267464937226
3272,10.0,0.09835061708025716
3273,10.0,0.09827459286388666
3274,13.0,0.09819867372478283
3275,12.0,0.09812285521215419
3276,10.0,0.09804713866821718
3277,12.0,0.0979715268652987
3278,11.0,0.09789601681013803
3279,12.0,0.09782060983152084
3280,10.0,0.09774530438453478
3281,12.0,0.09767010322367638
3282,10.0,0.0975950033740748
3283,11.0,0.09752000758135317
3284,15.0,0.09744511430315686
3285,10.0,0.09737031774287137
3286,10.0,0.09729562490962929
3287,10.0,0.09722103568465565
3288,10.0,0.09714654994926966
3289,10.0,0.09707216758488463
3290,13.0,0.09699788847300794
3291,12.0,0.09692370827210722
3292,13.0,0.09684962828936775
3293,10.0,0.09677564701659788
3294,10.0,0.09670176855874137
3295,10.0,0.09662799279770218
3296,14.0,0.0965543196154785
3297,11.0,0.09648074331647316
3298,15.0,0.09640726798597724
3299,10.0,0.0963338879527713
3300,10.0,0.09626061007125031
3301,10.0,0.09618743422379146
3302,10.0,0.09611436029286627
3303,10.0,0.09604138816104052
3304,10.0,0.09596851771097423
3305,10.0,0.0958957488254217
3306,11.0,0.0958230813872315
3307,11.0,0.09575051390683095
3308,10.0,0.09567804627377904
3309,10.0,0.09560567974588129
3310,10.0,0.09553341420634495
3311,10.0,0.09546124953847154
3312,10.0,0.09538918562565679
3313,10.0,0.09531722235139065
3314,11.0,0.09524535959925726
3315,10.0,0.09517359589772706
3316,10.0,0.09510193249008025
3317,10.0,0.09503036926017451
3318,12.0,0.0949589060919617
3319,10.0,0.09488754017623532
3320,10.0,0.09481627409893986
3321,10.0,0.09474510774429168
3322,11.0,0.09467404099660132
3323,10.0,0.09460307240218127
3324,12.0,0.0945322031878747
3325,10.0,0.09446143057057971
3326,11.0,0.09439075711114103
3327,10.0,0.09432018136470768
3328,11.0,0.09424970454996227
3329,12.0,0.09417932522645886
3330,10.0,0.09410904196227939
3331,10.0,0.09403885729750164
3332,11.0,0.09396877111731522
3333,12.0,0.09389878199004038
3334,10.0,0.09382888849247847
3335,10.0,0.0937590931482013
3336,10.0,0.09368939584274845
3337,10.0,0.09361979646175363
3338,10.0,0.09355029489094466
3339,10.0,0.09348089101614349
3340,10.0,0.0934115847232661
3341,15.0,0.09334237589832262
3342,10.0,0.09327325793642798
3343,14.0,0.0932042372354748
3344,10.0,0.09313530850547426
3345,10.0,0.09306647682552527
3346,10.0,0.09299774208202963
3347,12.0,0.09292910416148321
3348,15.0,0.09286056037884233
3349,13.0,0.09279210678182176
3350,10.0,0.09272374585136767
3351,14.0,0.09265548133171611
3352,10.0,0.09258730799926945
3353,10.0,0.09251923086781665
3354,11.0,0.09245124982439105
3355,10.0,0.09238336348461931
3356,10.0,0.09231557301129142
3357,10.0,0.09224787829171466
3358,10.0,0.09218027921329042
3359,10.0,0.09211277566351427
3360,10.0,0.09204536752997587
3361,12.0,0.09197805470035902
3362,12.0,0.09191083454779142
3363,10.0,0.09184370697222755
3364,10.0,0.09177667438028256
3365,13.0,0.09170973665998236
3366,10.0,0.09164288995158668
3367,10.0,0.09157613790318486
3368,12.0,0.09150948040305948
3369,10.0,0.0914429148530122
3370,10.0,0.0913764436360651
3371,10.0,0.09131006664076595
3372,10.0,0.09124378375575656
3373,11.0,0.09117759486977278
3374,10.0,0.0911114986382995
3375,12.0,0.09104549618756563
3376,10.0,0.09097958494780545
3377,10.0,0.09091376727479543
3378,10.0,0.09084804305771609
3379,10.0,0.09078241218584188
3380,11.0,0.09071687454854122
3381,12.0,0.09065142881573354
3382,10.0,0.09058607366527463
3383,10.0,0.09052081142980206
3384,10.0,0.09045564199903477
3385,13.0,0.0903905652627856
3386,10.0,0.09032557748165912
3387,10.0,0.09026068218663885
3388,10.0,0.09019587926779427
3389,10.0,0.09013116861528866
3390,10.0,0.0900665501193792
3391,12.0,0.09000202367041682
3392,10.0,0.08993758676259102
3393,10.0,0.08987324169041687
3394,10.0,0.08980898834451015
3395,12.0,0.08974482661558039
3396,10.0,0.08968075401358558
3397,10.0,0.08961677281794563
3398,12.0,0.08955288291963481
3399,10.0,0.08948908184037613
3400,11.0,0.0894253718483213
3401,10.0,0.08936175165385674
3402,10.0,0.08929822233297932
3403,10.0,0.0892347837771072
3404,10.0,0.08917143587775213
3405,12.0,0.0891081785265195
3406,10.0,0.08904500927240766
3407,10.0,0.08898193035747913
3408,10.0,0.08891894167360379
3409,10.0,0.08885604311274509
3410,10.0,0.08879323456696
3411,10.0,0.08873051592839906
3412,10.0,0.08866788708930626
3413,10.0,0.08860534794201905
3414,12.0,0.0885428983789684
3415,10.0,0.0884805359838464
3416,11.0,0.08841826296557573
3417,10.0,0.08835607806616907
3418,10.0,0.08829398233282301
3419,13.0,0.08823197565841136
3420,13.0,0.08817005450059626
3421,10.0,0.08810821876913294
3422,12.0,0.08804647179800529
3423,12.0,0.08798481120132381
3424,10.0,0.08792323688346411
3425,11.0,0.08786175102056863
3426,10.0,0.08780035237207422
3427,10.0,0.0877390419692108
3428,10.0,0.0876778197056045
3429,10.0,0.08761668547497471
3430,11.0,0.08755563917113413
3431,11.0,0.08749467956314824
3432,10.0,0.08743380655049465
3433,10.0,0.08737302115391911
3434,11.0,0.08731232326759134
3435,10.0,0.0872517116682229
3436,12.0,0.08719118737135265
3437,11.0,0.08713074804357693
3438,10.0,0.08707039470240541
3439,10.0,0.08701012835817776
3440,10.0,0.0869499489055911
3441,10.0,0.08688985623943563
3442,10.0,0.08682985025459458
3443,10.0,0.0867699308460442
3444,10.0,0.08671009790885376
3445,10.0,0.08665035133818547
3446,10.0,0.08659069102929448
3447,11.0,0.0865311168775289
3448,11.0,0.08647162768418086
3449,10.0,0.08641222335013048
3450,14.0,0.08635290486692251
3451,10.0,0.08629366777502062
3452,10.0,0.08623451633965792
3453,10.0,0.08617545045669328
3454,10.0,0.08611647002207837
3455,10.0,0.08605757493185764
3456,11.0,0.08599876508216833
3457,10.0,0.0859400392910392
3458,10.0,0.08588139853651251
3459,10.0,0.08582284271499595
3460,10.0,0.08576437172298987
3461,10.0,0.08570598545708724
3462,10.0,0.08564768381397368
3463,10.0,0.08558946669042736
3464,10.0,0.085531333983319
3465,10.0,0.08547328558961186
3466,11.0,0.08541532140636168
3467,10.0,0.08535744026999348
3468,10.0,0.08529964314193893
3469,10.0,0.08524192991952356
3470,10.0,0.08518430050016529
3471,10.0,0.08512675478137444
3472,10.0,0.08506929266075364
3473,10.0,0.08501191403599784
3474,10.0,0.08495461880489427
3475,10.0,0.08489740686532246
3476,10.0,0.08484027811525413
3477,10.0,0.08478323245275321
3478,11.0,0.08472626977597579
3479,10.0,0.08466938894308845
3480,11.0,0.08461259089592107
3481,11.0,0.08455587449622241
3482,13.0,0.08449923964760658
3483,11.0,0.08444268418720388
3484,10.0,0.08438621009212086
3485,12.0,0.08432981829608341
3486,11.0,0.08427350664152175
3487,13.0,0.08421727606400817
3488,10.0,0.08416112441793841
3489,10.0,0.08410505468700055
3490,10.0,0.08404906677035895
3491,10.0,0.08399316056726988
3492,10.0,0.08393733597708153
3493,10.0,0.083881592899234
3494,10.0,0.08382593123325922
3495,12.0,0.08377035087878099
3496,10.0,0.0837148497126238
3497,10.0,0.08365942966413632
3498,10.0,0.08360409063320304
3499,10.0,0.08354883251980016
3500,10.0,0.0834936552239956
3501,10.0,0.08343855864594893
3502,10.0,0.08338354268591135
3503,10.0,0.08332860724422567
3504,10.0,0.08327375222132628
3505,10.0,0.08321897751773912
3506,10.0,0.0831642830340816
3507,11.0,0.08310966867106265
3508,10.0,0.08305513333782862
3509,13.0,0.08300067793019258
3510,11.0,0.08294629938396345
3511,10.0,0.08289199958838914
3512,10.0,0.08283777943462002
3513,10.0,0.08278363882387743
3514,10.0,0.08272957765747402
3515,10.0,0.08267559583681375
3516,10.0,0.0826216932633918
3517,12.0,0.08256786983879459
3518,13.0,0.08251412351385223
3519,13.0,0.08246045322618001
3520,10.0,0.08240685889209326
3521,11.0,0.0823533433397575
3522,10.0,0.0822999055021609
3523,10.0,0.08224654625357869
3524,10.0,0.0821932654961714
3525,10.0,0.0821400631321906
3526,10.0,0.08208693906397893
3527,11.0,0.08203389319396998
3528,10.0,0.08198092446526055
3529,10.0,0.08192803374306731
3530,10.0,0.08187522093008966
3531,11.0,0.08182248592911781
3532,10.0,0.08176982768993804
3533,10.0,0.08171724707177189
3534,10.0,0.08166474397767504
3535,10.0,0.08161231831079391
3536,10.0,0.08155996997436567
3537,10.0,0.08150769887171813
3538,10.0,0.0814555049062698
3539,12.0,0.08140338798152971
3540,10.0,0.08135134612001675
3541,10.0,0.08129938111273761
3542,11.0,0.0812474928634592
3543,10.0,0.08119568034016848
3544,15.0,0.08114394438578787
3545,10.0,0.08109228024050637
3546,10.0,0.0810406924877638
3547,10.0,0.08098918103173801
3548,14.0,0.08093774577669721
3549,10.0,0.08088638292063384
3550,10.0,0.08083509608667136
3551,12.0,0.08078388517932164
3552,10.0,0.08073274825922189
3553,10.0,0.0806816870811567
3554,10.0,0.08063070154989509
3555,10.0,0.0805797915702963
3556,10.0,0.08052895704730972
3557,10.0,0.08047819788597493
3558,10.0,0.08042751399142156
3559,10.0,0.08037690526886934
3560,10.0,0.08032637162362802
3561,10.0,0.08027591296109735
3562,10.0,0.08022552918676701
3563,11.0,0.08017522020621665
3564,10.0,0.08012498502136621
3565,10.0,0.08007482444473422
3566,10.0,0.08002473838216316
3567,10.0,0.07997472673958528
3568,10.0,0.07992478942302257
3569,10.0,0.07987492633858677
3570,10.0,0.07982513739247926
3571,10.0,0.0797754224909911
3572,10.0,0.0797257815405029
3573,17.0,0.07967621444748489
3574,10.0,0.07962671489688601
3575,11.0,0.07957728903772382
3576,12.0,0.07952793589085255
3577,11.0,0.07947865448312955
3578,10.0,0.07942944561316025
3579,10.0,0.07938031007371704
3580,13.0,0.07933124777182365
3581,10.0,0.07928225597919004
3582,11.0,0.07923333724722696
3583,10.0,0.07918449060767174
3584,10.0,0.0791357168463469
3585,10.0,0.07908701587069653
3586,10.0,0.07903838758825397
3587,10.0,0.0789898319066418
3588,13.0,0.0789413487335717
3589,11.0,0.07889293537648022
3590,10.0,0.07884459348698493
3591,10.0,0.07879632384127928
3592,11.0,0.0787481263474053
3593,10.0,0.07870000005249403
3594,13.0,0.07865194572864873
3595,10.0,0.07860396070981532
3596,10.0,0.07855604748736594
3597,10.0,0.07850820596976152
3598,12.0,0.07846043606555184
3599,13.0,0.0784127359786113
3600,10.0,0.07836510477528733
3601,10.0,0.0783175449258033
3602,10.0,0.07827005633903203
3603,13.0,0.07822263892393504
3604,10.0,0.07817529005378632
3605,10.0,0.07812801218201074
3606,10.0,0.0780808052178166
3607,10.0,0.07803366907050084
3608,10.0,0.07798660364944891
3609,10.0,0.07793960886413481
3610,10.0,0.07789268462412102
3611,10.0,0.07784583083905844
3612,10.0,0.07779904741868636
3613,10.0,0.07775233427283246
3614,12.0,0.0777056913114127
3615,10.0,0.07765911678488428
3616,12.0,0.0776126122684672
3617,10.0,0.07756617601835895
3618,12.0,0.07751980960435029
3619,12.0,0.07747351128836234
3620,10.0,0.07742728098913626
3621,12.0,0.07738112026834365
3622,13.0,0.0773350273964539
3623,10.0,0.0772890014737403
3624,10.0,0.0772430448752197
3625,10.0,0.07719715751169601
3626,13.0,0.07715133929406111
3627,10.0,0.07710558769379182
3628,10.0,0.07705990506968148
3629,11.0,0.07701429133286704
3630,10.0,0.07696874558551088
3631,13.0,0.07692326855071656
3632,10.0,0.07687785772087088
3633,12.0,0.07683251543462444
3634,10.0,0.0767872399962938
3635,11.0,0.0767420329301769
3636,10.0,0.07669689334708096
3637,11.0,0.07665182196241874
3638,10.0,0.07660681788986876
3639,10.0,0.07656188184230231
3640,10.0,0.07651701373177142
3641,10.0,0.0764722134704155
3642,12.0,0.07642748097046143
3643,12.0,0.07638281456125452
3644,10.0,0.07633821416322413
3645,10.0,0.07629368127448369
3646,10.0,0.07624921580758504
3647,10.0,0.07620481767516724
3648,10.0,0.07616048678995656
3649,12.0,0.07611622306476644
3650,10.0,0.07607202484817588
3651,10.0,0.07602789362278967
3652,11.0,0.07598382930167041
3653,10.0,0.0759398310197728
3654,10.0,0.07589589947116418
3655,10.0,0.07585203456916206
3656,10.0,0.07580823622717081
3657,10.0,0.07576450435868165
3658,10.0,0.0757208388772726
3659,10.0,0.07567723969660844
3660,10.0,0.07563370673044068
3661,10.0,0.07559023989260744
3662,12.0,0.07554683909703352
3663,11.0,0.0755035027275201
3664,10.0,0.07546023146976068
3665,11.0,0.07541702600432709
3666,10.0,0.07537388548425589
3667,10.0,0.07533081058768765
3668,10.0,0.07528780122904244
3669,13.0,0.07524485732282667
3670,10.0,0.07520197651545507
3671,10.0,0.07515916099749122
3672,14.0,0.07511641068368273
3673,12.0,0.07507372248001658
3674,13.0,0.07503109781862291
3675,10.0,0.07498853587248915
3676,11.0,0.07494603881329007
3677,13.0,0.07490360580904329
3678,10.0,0.07486123528709965
3679,11.0,0.07481892940787739
3680,10.0,0.07477668734343654
3681,10.0,0.07473450975505502
3682,10.0,0.07469239655825965
3683,10.0,0.07465034766866314
3684,10.0,0.07460836300196406
3685,10.0,0.07456644247394682
3686,10.0,0.07452458600048158
3687,10.0,0.07448279349752424
3688,10.0,0.07444106488111639
3689,10.0,0.07439940006738524
3690,10.0,0.07435779897254362
3691,10.0,0.07431626151288988
3692,10.0,0.07427478760480788
3693,10.0,0.07423337716476694
3694,12.0,0.0741920301093218
3695,11.0,0.0741507449060678
3696,10.0,0.07410952220243595
3697,10.0,0.07406836264098082
3698,10.0,0.07402726613858131
3699,10.0,0.0739862326122015
3700,10.0,0.07394526197889066
3701,12.0,0.0739043541557832
3702,10.0,0.07386350762828806
3703,10.0,0.07382272375041421
3704,10.0,0.07378200243953986
3705,10.0,0.07374134361312817
3706,10.0,0.07370074718872723
3707,10.0,0.07366021308396994
3708,12.0,0.07361974121657408
3709,10.0,0.07357933008958231
3710,10.0,0.07353898104048354
3711,10.0,0.07349869398723849
3712,10.0,0.0734584688478926
3713,10.0,0.07341830554057588
3714,12.0,0.0733782039835029
3715,10.0,0.0733381626946829
3716,10.0,0.07329818299758675
3717,10.0,0.07325826481067133
3718,10.0,0.0732184080524779
3719,10.0,0.07317861264163207
3720,10.0,0.07313887849684378
3721,10.0,0.07309920553690717
3722,11.0,0.07305959368070061
3723,11.0,0.07302004215658534
3724,13.0,0.07298055088716211
3725,10.0,0.07294111841863773
3726,10.0,0.07290174674200343
3727,10.0,0.07286243577653055
3728,14.0,0.0728231854415744
3729,10.0,0.0727839929224949
3730,12.0,0.07274486088228584
3731,10.0,0.07270578787818506
3732,10.0,0.07266677519689034
3733,12.0,0.0726278227581436
3734,12.0,0.0725889291264347
3735,10.0,0.07255009422866304
3736,10.0,0.07251131934246942
3737,10.0,0.07247260438790884
3738,10.0,0.07243394928511993
3739,13.0,0.07239535395432481
3740,10.0,0.07235681630371556
3741,10.0,0.07231833827272068
3742,10.0,0.07227991978179656
3743,13.0,0.07224156075148296
3744,10.0,0.07220325910410956
3745,10.0,0.07216501676555959
3746,10.0,0.07212683365660665
3747,13.0,0.07208870969810754
3748,10.0,0.07205064282644431
3749,10.0,0.07201263495403921
3750,10.0,0.0719746860019825
3751,10.0,0.07193679589144744
3752,12.0,0.07189896454369032
3753,10.0,0.07186119056837889
3754,10.0,0.07182347520313251
3755,10.0,0.07178581836944561
3756,10.0,0.07174821998889545
3757,10.0,0.07171067998314204
3758,10.0,0.07167319827392812
3759,12.0,0.07163577478307913
3760,10.0,0.07159840813659854
3761,10.0,0.07156109955685847
3762,10.0,0.0715238489659216
3763,10.0,0.07148665628593312
3764,10.0,0.07144952143912066
3765,10.0,0.07141244434779426
3766,10.0,0.07137542493434629
3767,10.0,0.07133846312125142
3768,10.0,0.07130155883106658
3769,10.0,0.07126471198643088
3770,12.0,0.07122792251006559
3771,16.0,0.0711911890533027
3772,12.0,0.07115450900708811
3773,10.0,0.07111788484830135
3774,13.0,0.07108131777141181
3775,10.0,0.07104480580546688
3776,10.0,0.07100835077422282
3777,10.0,0.07097195260090815
3778,10.0,0.07093561120883321
3779,10.0,0.07089932652139018
3780,10.0,0.070863098462053
3781,10.0,0.07082692695437737
3782,10.0,0.0707908119220006
3783,11.0,0.07075475328864167
3784,10.0,0.07071875035653861
3785,10.0,0.07068280367329277
3786,10.0,0.07064691316286263
3787,10.0,0.0706110787492881
3788,10.0,0.07057530035669046
3789,10.0,0.07053957790927233
3790,13.0,0.0705039113313176
3791,12.0,0.07046829870504444
3792,13.0,0.07043274057748172
3793,10.0,0.0703972362676152
3794,10.0,0.07036178754216033
3795,11.0,0.07032639432576672
3796,10.0,0.07029105593443333
3797,10.0,0.07025577290382044
3798,10.0,0.07022054515881569
3799,13.0,0.07018537262438759
3800,10.0,0.07015025341206263
3801,10.0,0.07011518926680527
3802,12.0,0.0700801801138116
3803,10.0,0.07004522467564493
3804,10.0,0.07001032408456427
3805,10.0,0.0699754782659979
3806,12.0,0.06994068714545466
3807,10.0,0.06990594945416698
3808,10.0,0.06987126631632365
3809,10.0,0.06983663765766523
3810,10.0,0.06980206340401265
3811,10.0,0.06976754348126724
3812,10.0,0.06973307781541058
3813,10.0,0.06969866633250454
3814,13.0,0.0696643089586912
3815,12.0,0.06963000385349236
3816,11.0,0.06959575154033067
3817,12.0,0.06956155253857624
3818,10.0,0.06952740619191809
3819,10.0,0.069493313602605
3820,10.0,0.06945927469722055
3821,10.0,0.06942528940242824
3822,10.0,0.06939135764497148
3823,10.0,0.06935747935167343
3824,10.0,0.06932365444943703
3825,12.0,0.06928988286524493
3826,10.0,0.0692561633707896
3827,10.0,0.06922249705262269
3828,11.0,0.0691888838379561
3829,15.0,0.06915532307942154
3830,11.0,0.06912181241278799
3831,10.0,0.06908835407115933
3832,10.0,0.06905494855669166
3833,13.0,0.06902159579696071
3834,10.0,0.06898829401067505
3835,10.0,0.06895504484050025
3836,10.0,0.06892184821423569
3837,10.0,0.06888870405975993
3838,10.0,0.06885561230503065
3839,10.0,0.06882257287808466
3840,10.0,0.06878958570703776
3841,11.0,0.06875665072008474
3842,12.0,0.06872376728378632
3843,10.0,0.06869093476872185
3844,10.0,0.06865815422870777
3845,10.0,0.06862542559224029
3846,11.0,0.06859274878789431
3847,10.0,0.06856012318751975
3848,10.0,0.06852754927860698
3849,10.0,0.06849502698996218
3850,10.0,0.0684625562504701
3851,10.0,0.06843013698909393
3852,10.0,0.06839776913487536
3853,10.0,0.06836545261693441
3854,10.0,0.06833318736446947
3855,10.0,0.06830097330675718
3856,10.0,0.06826881037315241
3857,10.0,0.06823669849308822
3858,10.0,0.06820463759607578
3859,10.0,0.06817262761170434
3860,11.0,0.06814066846964113
3861,10.0,0.06810875955636858
3862,10.0,0.06807690134688407
3863,10.0,0.06804509377108404
3864,10.0,0.06801333675894272
3865,10.0,0.0679816302405121
3866,10.0,0.06794997414592187
3867,10.0,0.06791836840537938
3868,10.0,0.06788681294916958
3869,12.0,0.06785530770765498
3870,10.0,0.06782385154184442
3871,11.0,0.06779244545545514
3872,10.0,0.06776108884624027
3873,10.0,0.06772978217957404
3874,10.0,0.06769852538619242
3875,10.0,0.06766731839690865
3876,10.0,0.06763616114261314
3877,11.0,0.06760505355427347
3878,10.0,0.06757399503571444
3879,10.0,0.06754298604713815
3880,10.0,0.06751202651973884
3881,10.0,0.06748111638478767
3882,11.0,0.06745025557363271
3883,10.0,0.06741944349511557
3884,10.0,0.06738868060516698
3885,10.0,0.06735796683536094
3886,10.0,0.06732730211734814
3887,10.0,0.06729668638285585
3888,11.0,0.06726611956368797
3889,10.0,0.06723560107465684
3890,10.0,0.06720513136661553
3891,10.0,0.06717471037159295
3892,10.0,0.06714433802169435
3893,10.0,0.06711401424910132
3894,10.0,0.0670837389860717
3895,10.0,0.06705351216493953
3896,12.0,0.06702333371811502
3897,10.0,0.06699320255849228
3898,10.0,0.06696311964183575
3899,10.0,0.0669330849007751
3900,10.0,0.06690309826801595
3901,11.0,0.06687315967633985
3902,10.0,0.06684326855330609
3903,10.0,0.0668134253389365
3904,10.0,0.06678362996623569
3905,10.0,0.06675388236828393
3906,11.0,0.06672418247823719
3907,10.0,0.0666945297284911
3908,10.0,0.06666492455496491
3909,10.0,0.06663536689103687
3910,10.0,0.0666058566701607
3911,10.0,0.06657639382586544
3912,10.0,0.06654697829175553
3913,10.0,0.06651761000151062
3914,10.0,0.06648828888888558
3915,11.0,0.0664590148877105
3916,10.0,0.06642978743899687
3917,10.0,0.06640060697136936
3918,10.0,0.06637147341887896
3919,10.0,0.06634238671565161
3920,10.0,0.06631334679588816
3921,10.0,0.06628435359386428
3922,11.0,0.06625540704393047
3923,10.0,0.06622650659371673
3924,10.0,0.0661976526662494
3925,10.0,0.06616884519609881
3926,10.0,0.06614008411790989
3927,10.0,0.0661113693664021
3928,10.0,0.06608270087636939
3929,10.0,0.06605407858268009
3930,10.0,0.06602550242027692
3931,10.0,0.06599697232417692
3932,10.0,0.06596848822947135
3933,10.0,0.06594005007132571
3934,10.0,0.06591165778497962
3935,10.0,0.06588331130574682
3936,10.0,0.06585501056901505
3937,10.0,0.06582675551024608
3938,10.0,0.06579854606497558
3939,10.0,0.06577038216881309
3940,10.0,0.06574226375744201
3941,10.0,0.06571419076661945
3942,10.0,0.06568616313217629
3943,12.0,0.06565818079001702
3944,10.0,0.06563024273830517
3945,10.0,0.06560234985425409
3946,10.0,0.06557450207398079
3947,10.0,0.06554669933367578
3948,10.0,0.06551894156960295
3949,10.0,0.06549122871809952
3950,10.0,0.06546356071557603
3951,12.0,0.06543593749851624
3952,10.0,0.06540835807897558
3953,13.0,0.06538082332138974
3954,10.0,0.06535333178065392
3955,10.0,0.06532588478027652
3956,10.0,0.06529848225708668
3957,10.0,0.06527112414798643
3958,10.0,0.06524381038995074
3959,10.0,0.0652165409200274
3960,10.0,0.06518931567533698
3961,10.0,0.06516213459307277
3962,10.0,0.06513499761050075
3963,10.0,0.0651079046649595
3964,10.0,0.06508085569386017
3965,10.0,0.06505385063468641
3966,10.0,0.06502688942499434
3967,10.0,0.06499997200241245
3968,10.0,0.0649730983046416
3969,10.0,0.06494626826945492
3970,10.0,0.06491948183469777
3971,10.0,0.06489273893828772
3972,10.0,0.06486603951821442
3973,10.0,0.06483938351253961
3974,10.0,0.06481277085939705
3975,10.0,0.06478620149699243
3976,10.0,0.06475967536360339
3977,12.0,0.06473319239757935
3978,10.0,0.06470675165493647
3979,10.0,0.06468035395974053
3980,10.0,0.06465399925054846
3981,10.0,0.06462768746598885
3982,10.0,0.06460141854476187
3983,12.0,0.06457519242563921
3984,10.0,0.06454900817452354
3985,10.0,0.06452286660640691
3986,10.0,0.06449676766026763
3987,10.0,0.0644707112751553
3988,11.0,0.06444469739019085
3989,10.0,0.0644187255120046
3990,10.0,0.06439279601397736
3991,10.0,0.0643669088354397
3992,11.0,0.06434106391579326
3993,10.0,0.06431526076505285
3994,10.0,0.06428949975376554
3995,10.0,0.064263780821542
3996,10.0,0.06423810390806377
3997,10.0,0.06421246895308319
3998,10.0,0.06418687589642333
3999,10.0,0.06416132467797792
4000,10.0,0.06413581523771132
4001,10.0,0.06411034751565847
4002,10.0,0.06408492145192483
4003,12.0,0.06405953698668632
4004,10.0,0.06403419321813761
4005,10.0,0.06400889093168322
4006,10.0,0.06398363006770263
4007,10.0,0.06395841056664563
4008,10.0,0.06393323236903213
4009,10.0,0.06390809541545225
4010,10.0,0.06388299964656616
4011,10.0,0.06385794500310406
4012,10.0,0.06383293142586613
4013,10.0,0.06380795885572249
4014,10.0,0.0637830272336131
4015,10.0,0.06375813650054774
4016,12.0,0.06373328659760594
4017,12.0,0.06370847664342832
4018,10.0,0.06368370658369223
4019,10.0,0.06365897718366868
4020,10.0,0.06363428838470109
4021,10.0,0.06360964012820235
4022,10.0,0.06358503235565478
4023,10.0,0.06356046500861015
4024,10.0,0.06353593802868952
4025,11.0,0.06351145135758327
4026,10.0,0.06348700453244083
4027,10.0,0.0634625979011655
4028,10.0,0.06343823140565155
4029,10.0,0.06341390498786233
4030,10.0,0.06338961858983018
4031,12.0,0.06336537215365644
4032,10.0,0.06334116482104139
4033,10.0,0.06331699733759408
4034,10.0,0.06329286964561519
4035,10.0,0.06326878168747417
4036,10.0,0.06324473340560917
4037,10.0,0.06322072474252696
4038,10.0,0.06319675564080292
4039,10.0,0.06317282604308093
4040,10.0,0.06314893589207338
4041,10.0,0.06312508513056103
4042,10.0,0.06310127370139305
4043,10.0,0.06307750154748691
4044,11.0,0.06305376861182829
4045,10.0,0.06303007444656887
4046,10.0,0.06300641938715223
4047,10.0,0.06298280337676498
4048,12.0,0.06295922635866177
4049,14.0,0.06293568750002397
4050,10.0,0.06291218597374094
4051,12.0,0.06288872327835741
4052,10.0,0.06286529858546075
4053,10.0,0.06284191261334826
4054,10.0,0.06281856530565386
4055,10.0,0.06279525660607913
4056,10.0,0.0627719864583933
4057,10.0,0.06274875480643323
4058,10.0,0.06272556159410328
4059,12.0,0.06270240676537531
4060,12.0,0.06267928950353117
4061,12.0,0.06265620975683175
4062,10.0,0.0626331674735916
4063,12.0,0.06261016335878869
4064,10.0,0.06258719660147906
4065,10.0,0.06256426790400096
4066,10.0,0.06254137721076972
4067,10.0,0.06251852446626772
4068,11.0,0.06249570961504443
4069,10.0,0.06247293222752827
4070,12.0,0.062450192623954924
4071,10.0,0.062427490003421786
4072,10.0,0.06240482505911164
4073,10.0,0.06238219773589812
4074,10.0,0.06235960797872154
4075,10.0,0.0623370557325889
4076,10.0,0.062314540942573805
4077,13.0,0.062292063553816404
4078,10.0,0.06226962240725728
4079,10.0,0.062247218556468184
4080,10.0,0.062224851946778535
4081,10.0,0.062202522523584096
4082,10.0,0.06218023023234692
4083,11.0,0.06215797501859532
4084,10.0,0.062135756463851055
4085,10.0,0.06211357487917832
4086,10.0,0.06209143021030046
4087,10.0,0.062069322403006846
4088,10.0,0.062047251403152814
4089,10.0,0.0620252171566596
4090,10.0,0.06200321960951431
4091,10.0,0.06198125870776984
4092,10.0,0.06195933439754482
4093,10.0,0.061937446625023575
4094,10.0,0.061915595336456054
4095,10.0,0.06189378047815779
4096,10.0,0.06187200199650983
4097,10.0,0.061850259837958686
4098,10.0,0.06182855394901628
4099,10.0,0.061806884276259876
4100,10.0,0.061785250766332046
4101,12.0,0.061763653365940606
4102,10.0,0.06174209131733304
4103,12.0,0.06172056527445606
4104,10.0,0.061699074482261904
4105,10.0,0.061677619592231364
4106,11.0,0.061656200551384724
4107,10.0,0.061634816957762684
4108,10.0,0.061613469108840704
4109,10.0,0.06159215695183049
4110,11.0,0.06157088043400852
4111,10.0,0.061549639156226785
4112,10.0,0.06152843341365266
4113,10.0,0.0615072631537534
4114,10.0,0.06148612832406082
4115,10.0,0.06146502887217124
4116,12.0,0.06144396474574542
4117,11.0,0.06142293520713238
4118,10.0,0.06140194054995878
4119,10.0,0.061380981065387835
4120,10.0,0.06136005670132805
4121,10.0,0.061339167405752106
4122,10.0,0.061318313126696826
4123,10.0,0.0612974938122631
4124,10.0,0.06127670941061583
4125,10.0,0.0612559598699839
4126,10.0,0.061235245138660084
4127,11.0,0.06121456516500101
4128,10.0,0.06119391956160951
4129,10.0,0.06117330861402399
4130,12.0,0.06115273227078918
4131,11.0,0.06113218981258205
4132,10.0,0.06111168152511641
4133,10.0,0.061091207691700414
4134,10.0,0.061070768261123724
4135,10.0,0.06105036318223942
4136,10.0,0.06102999240396397
4137,10.0,0.06100965587527716
4138,10.0,0.06098935354522204
4139,14.0,0.06096908536290486
4140,10.0,0.060948849963632964
4141,10.0,0.0609286486153491
4142,10.0,0.060908481267336584
4143,10.0,0.06088834786894174
4144,11.0,0.060868248369573844
4145,10.0,0.0608481823932596
4146,10.0,0.06082815021618143
4147,10.0,0.06080815178793412
4148,10.0,0.06078818705817517
4149,11.0,0.06076825597662479
4150,10.0,0.06074835817061505
4151,10.0,0.060728493913633955
4152,10.0,0.06070866315558641
4153,10.0,0.06068886584643978
4154,10.0,0.06066910193622386
4155,10.0,0.06064937137503078
4156,10.0,0.06062967411301499
4157,10.0,0.06061001010039318
4158,10.0,0.06059037928744423
4159,10.0,0.06057078162450916
4160,10.0,0.060551217061991056
4161,10.0,0.06053168555035504
4162,10.0,0.060512187040128215
4163,10.0,0.06049272148189957
4164,10.0,0.06047328882631997
4165,10.0,0.06045388902410208
4166,10.0,0.06043452202602031
4167,12.0,0.06041518778291076
4168,10.0,0.06039588562191802
4169,10.0,0.060376616120066874
4170,12.0,0.060357379228372296
4171,10.0,0.060338174277620275
4172,11.0,0.06031900184153983
4173,11.0,0.06029986156232852
4174,10.0,0.0602807533929608
4175,10.0,0.06026167759431693
4176,10.0,0.06024263411776831
4177,12.0,0.06022362291474755
4178,13.0,0.060204643324469745
4179,10.0,0.060185694996329336
4180,10.0,0.06016677880205376
4181,12.0,0.060147894693305316
4182,10.0,0.060129042014064694
4183,10.0,0.06011022132611698
4184,10.0,0.06009143258130134
4185,12.0,0.06007267573151771
4186,10.0,0.06005395012548973
4187,10.0,0.06003525632071896
4188,10.0,0.06001659426928161
4189,10.0,0.05999796392331445
4190,10.0,0.05997936523501476
4191,10.0,0.05996079815664027
4192,10.0,0.05994226264050912
4193,10.0,0.05992375863899977
4194,10.0,0.05990528610455098
4195,11.0,0.05988684498966175
4196,10.0,0.05986843495083818
4197,10.0,0.059850056237855324
4198,10.0,0.05983170880338973
4199,10.0,0.05981339260017794
4200,10.0,0.059795107581016485
4201,10.0,0.059776853698761775
4202,10.0,0.059758630906330094
4203,12.0,0.05974043915669751
4204,11.0,0.05972227781956314
4205,12.0,0.05970414714241036
4206,10.0,0.059686046789436314
4207,10.0,0.05966797729717851
4208,10.0,0.05964993861889731
4209,10.0,0.059631930707912575
4210,10.0,0.0596139535176036
4211,10.0,0.05959600700140908
4212,15.0,0.05957809111282702
4213,10.0,0.05956020437138394
4214,10.0,0.05954234817008376
4215,10.0,0.05952452246258843
4216,10.0,0.05950672720261903
4217,10.0,0.05948896234395572
4218,11.0,0.0594712278404377
4219,10.0,0.05945352336235743
4220,11.0,0.059435849148338146
4221,10.0,0.05941820486984692
4222,10.0,0.05940059076455877
4223,10.0,0.05938300678660177
4224,10.0,0.059365452890162734
4225,10.0,0.059347929029487094
4226,12.0,0.05933043515887889
4227,10.0,0.05931297067392245
4228,10.0,0.05929553608990923
4229,10.0,0.05927813136131336
4230,14.0,0.059260756442667366
4231,10.0,0.05924341017935282
4232,10.0,0.059226093639383984
4233,10.0,0.059208806777457546
4234,10.0,0.05919154954832837
4235,10.0,0.059174321906809484
4236,10.0,0.059157123807771966
4237,10.0,0.059139955206144956
4238,10.0,0.059122816056915536
4239,10.0,0.059105706315128737
4240,10.0,0.05908862593588743
4241,12.0,0.0590715748743523
4242,10.0,0.05905455254246863
4243,10.0,0.059037559440824866
4244,10.0,0.059020595524749545
4245,10.0,0.0590036607496288
4246,10.0,0.058986755070906324
4247,10.0,0.05896987844408329
4248,10.0,0.058953030824718304
4249,10.0,0.05893621216842737
4250,10.0,0.058919422430883814
4251,10.0,0.058902661567818225
4252,10.0,0.05888592953501843
4253,10.0,0.058869226288329406
4254,10.0,0.05885255178365324
4255,10.0,0.0588359059769491
4256,10.0,0.05881928882423311
4257,10.0,0.058802700281578385
4258,10.0,0.058786140305114906
4259,10.0,0.0587696088510295
4260,10.0,0.05875310587556578
4261,10.0,0.05873663133502408
4262,10.0,0.05872018518576143
4263,10.0,0.058703767384191446
4264,10.0,0.05868737788678434
4265,10.0,0.05867101665006682
4266,10.0,0.058654683630622054
4267,12.0,0.05863837878508962
4268,10.0,0.05862210155283934
4269,10.0,0.05860585240989939
4270,10.0,0.058589631313073195
4271,10.0,0.058573438219220356
4272,11.0,0.05855727308525662
4273,10.0,0.05854113561191976
4274,10.0,0.05852502601343827
4275,10.0,0.05850894424689352
4276,10.0,0.058492890269422775
4277,10.0,0.05847686403821919
4278,12.0,0.05846086551053174
4279,10.0,0.05844489413697152
4280,10.0,0.058428950383505866
4281,10.0,0.058413034207545934
4282,10.0,0.0583971455665585
4283,10.0,0.0583812844180659
4284,10.0,0.05836545071964598
4285,10.0,0.05834964442893204
4286,12.0,0.05833386550361279
4287,12.0,0.058318113402345446
4288,11.0,0.058302388085759826
4289,13.0,0.05828668976313194
4290,10.0,0.05827101789751109
4291,10.0,0.05825537319405757
4292,10.0,0.05823975561077185
4293,10.0,0.05822416510570945
4294,11.0,0.05820860163698092
4295,10.0,0.05819306491695979
4296,10.0,0.05817755515058899
4297,10.0,0.05816207229614134
4298,10.0,0.05814661631194447
4299,11.0,0.05813118715638073
4300,11.0,0.05811578454441364
4301,10.0,0.05810040843591874
4302,10.0,0.05808505903337311
4303,10.0,0.05806973629537277
4304,10.0,0.05805444018056822
4305,10.0,0.05803917064766438
4306,10.0,0.05802392765542058
4307,10.0,0.05800871116265045
4308,11.0,0.05799352112822191
4309,10.0,0.05797835727170636
4310,10.0,0.057963219792339066
4311,10.0,0.05794810864914806
4312,13.0,0.05793302380121544
4313,10.0,0.05791796449506049
4314,10.0,0.05790293140519599
4315,10.0,0.057887924490858854
4316,11.0,0.05787294371133983
4317,10.0,0.057857988790243835
4318,10.0,0.05784305992360459
4319,11.0,0.057828157070871786
4320,10.0,0.05781327995715037
4321,10.0,0.057798428777286755
4322,10.0,0.05778360349088911
4323,12.0,0.0577688040576191
4324,10.0,0.05775402997195001
4325,10.0,0.057739281660661945
4326,10.0,0.0577245590835721
4327,10.0,0.05770986220055099
4328,10.0,0.05769519097152237
4329,10.0,0.057680545356463164
4330,10.0,0.05766592531540346
4331,10.0,0.0576513308084264
4332,10.0,0.057636761795668186
4333,10.0,0.057622218237317974
4334,12.0,0.05760770009361785
4335,11.0,0.057593206869270344
4336,10.0,0.05757873875458961
4337,10.0,0.05756429593820036
4338,10.0,0.05754987838054902
4339,13.0,0.057535486042134695
4340,10.0,0.05752111820660844
4341,10.0,0.057506775514056835
4342,10.0,0.0574924579251299
4343,10.0,0.05747816540053014
4344,10.0,0.057463897901012466
4345,10.0,0.05744965538738417
4346,10.0,0.05743543782050485
4347,12.0,0.057421245161286376
4348,10.0,0.05740707692626819
4349,10.0,0.05739293352258833
4350,10.0,0.057378814911310666
4351,10.0,0.05736472105355114
4352,10.0,0.05735065191047769
4353,10.0,0.057336607443310206
4354,10.0,0.057322587613320486
4355,10.0,0.057308592381832175
4356,10.0,0.05729462171022072
4357,10.0,0.057280675559913306
4358,10.0,0.05726675389238881
4359,10.0,0.057252856669177746
4360,10.0,0.05723898385186222
4361,10.0,0.05722513540207587
4362,10.0,0.05721131128150381
4363,10.0,0.05719751145188257
4364,10.0,0.05718373587500009
4365,10.0,0.05716998451269561
4366,10.0,0.05715625732685964
4367,10.0,0.057142554279433905
4368,10.0,0.057128875332411316
4369,10.0,0.05711522044783588
4370,10.0,0.05710158958780267
4371,14.0,0.057087982714457766
4372,10.0,0.05707439894107028
4373,11.0,0.057060839082070346
4374,10.0,0.05704730288832907
4375,10.0,0.05703379053441729
4376,10.0,0.05702030198272465
4377,10.0,0.0570068371956915
4378,11.0,0.05699339613580887
4379,10.0,0.05697997855621903
4380,10.0,0.05696658462971717
4381,10.0,0.05695321431894386
4382,10.0,0.05693986758659014
4383,10.0,0.056926544395397474
4384,10.0,0.05691324470815765
4385,10.0,0.05689996848771279
4386,10.0,0.05688671569695525
4387,10.0,0.056873486298827595
4388,13.0,0.056860280256322546
4389,10.0,0.05684709691624416
4390,10.0,0.05683393686029278
4391,10.0,0.056820800051605
4392,10.0,0.05680768645336734
4393,10.0,0.056794596028816216
4394,10.0,0.056781528741237916
4395,10.0,0.05676848455396852
4396,10.0,0.05675546343039384
4397,10.0,0.0567424653339494
4398,10.0,0.05672949022812036
4399,10.0,0.05671653807644148
4400,10.0,0.05670360884249705
4401,10.0,0.05669070248992084
4402,10.0,0.056677818982396086
4403,10.0,0.05666495828365538
4404,10.0,0.056652120357480656
4405,10.0,0.056639305167703144
4406,10.0,0.05662651267820328
4407,10.0,0.056613742852910695
4408,12.0,0.05660099565580414
4409,10.0,0.05658827065561519
4410,10.0,0.05657556821324122
4411,10.0,0.05656288829280401
4412,10.0,0.05655023085847424
4413,10.0,0.05653759587447151
4414,10.0,0.056524983305064225
4415,10.0,0.056512393114569556
4416,10.0,0.056499825267353414
4417,10.0,0.05648727972783038
4418,10.0,0.056474756460463654
4419,12.0,0.05646225542976501
4420,10.0,0.056449776213308156
4421,10.0,0.05643731916418326
4422,10.0,0.056424884247043505
4423,10.0,0.05641247142659047
4424,10.0,0.056400080667574036
4425,10.0,0.056387711934792376
4426,10.0,0.05637536519309186
4427,10.0,0.056363040407367046
4428,10.0,0.05635073754256061
4429,10.0,0.0563384565636633
4430,10.0,0.056326197435713855
4431,10.0,0.05631396012379901
4432,10.0,0.0563017445930534
4433,10.0,0.05628955080865952
4434,10.0,0.056277378735847705
4435,15.0,0.056265228339896015
4436,13.0,0.056253098648165384
4437,10.0,0.05624099000593728
4438,10.0,0.05622890294248781
4439,10.0,0.056216837423270084
4440,10.0,0.056204793413784766
4441,10.0,0.05619277087958
4442,10.0,0.056180769786251375
4443,11.0,0.056168790099441875
4444,10.0,0.05615683160013686
4445,11.0,0.05614489443949512
4446,12.0,0.05613297839931023
4447,10.0,0.05612108326285033
4448,10.0,0.05610920936468062
4449,10.0,0.05609735667071973
4450,10.0,0.05608552514693334
4451,10.0,0.05607371475933412
4452,11.0,0.056061925473981714
4453,12.0,0.05605015707547793
4454,11.0,0.05603840934988114
4455,10.0,0.05602668244630091
4456,10.0,0.05601497651248133
4457,10.0,0.05600329151470851
4458,12.0,0.05599162741931521
4459,10.0,0.055979983833881766
4460,10.0,0.055968361085027875
4461,10.0,0.05595675913922225
4462,10.0,0.05594517796298007
4463,11.0,0.055933617522862945
4464,12.0,0.05592207760781653
4465,10.0,0.0559105580082151
4466,10.0,0.055899059046770734
4467,10.0,0.05588758069022465
4468,10.0,0.05587612290536427
4469,10.0,0.05586468565902314
4470,10.0,0.05585326891808089
4471,10.0,0.055841872649463185
4472,11.0,0.05583049682014168
4473,10.0,0.05581914122255971
4474,10.0,0.05580780599903509
4475,10.0,0.05579649111667529
4476,10.0,0.055785196542633565
4477,10.0,0.05577392224410891
4478,10.0,0.05576266818834601
4479,10.0,0.05575143434263517
4480,12.0,0.05574022067431232
4481,10.0,0.05572902680701728
4482,10.0,0.055717853053259436
4483,10.0,0.055706699380507554
4484,11.0,0.05569556575627579
4485,10.0,0.05568445197759009
4486,10.0,0.055673358183254446
4487,10.0,0.05566228434091712
4488,10.0,0.05565123041827157
4489,10.0,0.05564019638305642
4490,13.0,0.05562918220305539
4491,10.0,0.055618187340460375
4492,10.0,0.0556072122707575
4493,10.0,0.05559625696186018
4494,10.0,0.05558532138172672
4495,10.0,0.05557440549836032
4496,10.0,0.055563509279808986
4497,10.0,0.0555526326941655
4498,10.0,0.055541775709567365
4499,10.0,0.05553093829419675
4500,10.0,0.05552012041628046
4501,10.0,0.05550932204408986
4502,10.0,0.05549854314594083
4503,12.0,0.055487783690193755
4504,10.0,0.055477043316630816
4505,10.0,0.05546632232361029
4506,10.0,0.055455620679622196
4507,10.0,0.05544493835320084
4508,13.0,0.05543427531292476
4509,10.0,0.05542363103928987
4510,11.0,0.05541300599100232
4511,12.0,0.0554023999746959
4512,10.0,0.055391812798318854
4513,10.0,0.05538124475544023
4514,10.0,0.05537069581489265
4515,10.0,0.05536016594555268
4516,10.0,0.05534965511634074
4517,11.0,0.05533916329622107
4518,10.0,0.05532869029434098
4519,11.0,0.055318236240240154
4520,10.0,0.05530780094377827
4521,10.0,0.05529738453395167
4522,13.0,0.055286986979939584
4523,11.0,0.05527660777607005
4524,10.0,0.05526624721038144
4525,10.0,0.0552559054107863
4526,10.0,0.055245582346630975
4527,10.0,0.05523527798730514
4528,10.0,0.055224992302241795
4529,11.0,0.055214725260917204
4530,13.0,0.05520447667671653
4531,10.0,0.05519424620846833
4532,10.0,0.05518403429509695
4533,10.0,0.05517384090624454
4534,11.0,0.055163666011596287
4535,10.0,0.05515350942627506
4536,10.0,0.055143371275265536
4537,10.0,0.055133251528380035
4538,10.0,0.05512315015547374
4539,10.0,0.05511306712644461
4540,10.0,0.05510300241123337
4541,12.0,0.05509295597982343
4542,12.0,0.05508292749726519
4543,10.0,0.05507291693542918
4544,10.0,0.05506292456999742
4545,10.0,0.05505295037111712
4546,10.0,0.05504299430897793
4547,10.0,0.05503305635381195
4548,10.0,0.055023136475893644
4549,10.0,0.05501323464553981
4550,10.0,0.055003350833109525
4551,10.0,0.0549934850090041
4552,10.0,0.05498363714366703
4553,10.0,0.05497380720758396
4554,10.0,0.05496399517128262
4555,10.0,0.05495420100533278
4556,11.0,0.054944424680346195
4557,10.0,0.0549346660189366
4558,10.0,0.05492492514042405
4559,10.0,0.05491520201554439
4560,10.0,0.05490549661507531
4561,10.0,0.054895808909836245
4562,10.0,0.05488613887068835
4563,10.0,0.054876486468534436
4564,10.0,0.054866851674318935
4565,11.0,0.054857234459027855
4566,10.0,0.05484763464825969
4567,10.0,0.05483805235908741
4568,10.0,0.05482848756261988
4569,10.0,0.05481894023000736
4570,10.0,0.05480941033244141
4571,11.0,0.054799897841154924
4572,10.0,0.054790402583709936
4573,10.0,0.05478092467570251
4574,10.0,0.054771464088487556
4575,10.0,0.05476202079346108
4576,10.0,0.05475259476206016
4577,10.0,0.05474318596576287
4578,10.0,0.054733794376088274
4579,11.0,0.05472441996459632
4580,10.0,0.05471506256143598
4581,10.0,0.0547057222802612
4582,10.0,0.05469639909275288
4583,10.0,0.05468709297063266
4584,11.0,0.054677803885662846
4585,10.0,0.05466853166959046
4586,10.0,0.05465927643487031
4587,10.0,0.05465003815338498
4588,11.0,0.05464081679705754
4589,10.0,0.05463161219890316
4590,10.0,0.05462242447042542
4591,10.0,0.054613253583667094
4592,10.0,0.05460409951071132
4593,12.0,0.054594962223681466
4594,10.0,0.054585841419590664
4595,10.0,0.05457673734688567
4596,10.0,0.054567649977807414
4597,11.0,0.054558579284636914
4598,10.0,0.05454952510320948
4599,10.0,0.05454048754291418
4600,10.0,0.054531466576150545
4601,10.0,0.05452246217535803
4602,10.0,0.05451347431301593
4603,10.0,0.05450450296164339
4604,12.0,0.05449554809379931
4605,10.0,0.054486609412885745
4606,10.0,0.05447768716180824
4607,10.0,0.05446878131324179
4608,10.0,0.054459891839900985
4609,12.0,0.05445101871453997
4610,10.0,0.05444216164342269
4611,10.0,0.05443332086697284
4612,12.0,0.05442449635806
4613,10.0,0.05441568782465186
4614,13.0,0.05440689550569304
4615,11.0,0.054398118978337476
4616,10.0,0.054389358481335866
4617,10.0,0.05438061411995236
4618,10.0,0.054371885867283413
4619,10.0,0.05436317369646458
4620,10.0,0.0543544775806705
4621,10.0,0.05434579749311484
4622,11.0,0.05433713340705024
4623,10.0,0.05432848516591371
4624,10.0,0.054319852873408216
4625,10.0,0.05431123650290163
4626,10.0,0.054302636027800624
4627,10.0,0.05429405142155064
4628,10.0,0.05428548265763581
4629,10.0,0.054276929709578946
4630,10.0,0.05426839255094147
4631,10.0,0.05425987115532338
4632,10.0,0.05425136549636321
4633,10.0,0.05424287554773796
4634,10.0,0.054234401283163085
4635,10.0,0.05422594267639242
4636,11.0,0.054217499701218155
4637,10.0,0.05420907220519861
4638,10.0,0.054200660288979415
4639,10.0,0.054192263926466124
4640,10.0,0.054183883091602464
4641,10.0,0.05417551775837029
4642,11.0,0.054167167900789535
4643,10.0,0.054158833368153164
4644,10.0,0.054150514259821286
4645,10.0,0.054142210549926406
4646,12.0,0.05413392221263895
4647,12.0,0.05412564897462825
4648,10.0,0.05411739081162682
4649,10.0,0.05410914794594836
4650,10.0,0.054100920351908936
4651,10.0,0.054092708003862344
4652,10.0,0.054084510876200004
4653,12.0,0.054076328943350946
4654,10.0,0.054068161935692034
4655,10.0,0.054060010072795296
4656,10.0,0.05405187332919957
4657,10.0,0.05404375167948114
4658,11.0,0.054035645098253655
4659,10.0,0.05402755343934152
4660,10.0,0.05401947679874422
4661,10.0,0.05401141515118596
4662,10.0,0.05400336847142815
4663,12.0,0.05399533673426936
4664,10.0,0.053987319675306095
4665,11.0,0.05397931750961057
4666,10.0,0.05397133009295
4667,10.0,0.053963357519886776
4668,10.0,0.05395539976540063
4669,10.0,0.05394745680450823
4670,10.0,0.053939528612263074
4671,10.0,0.05393161516375551
4672,10.0,0.053923716434112645
4673,11.0,0.053915832398498335
4674,11.0,0.05390796291487422
4675,10.0,0.05390010795918442
4676,11.0,0.05389226762417506
4677,10.0,0.053884441768620596
4678,10.0,0.05387663048486719
4679,10.0,0.05386883374829424
4680,10.0,0.053861051534317576
4681,10.0,0.05385328381838943
4682,12.0,0.053845530575998356
4683,11.0,0.05383779155240174
4684,10.0,0.05383006683945314
4685,10.0,0.05382235652811194
4686,10.0,0.05381466059400777
4687,10.0,0.05380697901280641
4688,10.0,0.05379931176020973
4689,10.0,0.053791658811955655
4690,16.0,0.053784020143818105
4691,10.0,0.0537763950518558
4692,10.0,0.05376878419440551
4693,10.0,0.05376118754734125
4694,10.0,0.05375360508657288
4695,12.0,0.05374603678804606
4696,10.0,0.05373848240343329
4697,10.0,0.05373094213396548
4698,10.0,0.05372341595569293
4699,10.0,0.05371590384470157
4700,10.0,0.05370840577711292
4701,10.0,0.05370092172908408
4702,10.0,0.053693451676807634
4703,10.0,0.05368599559651163
4704,10.0,0.05367855346445956
4705,10.0,0.053671125256950274
4706,11.0,0.05366371095031798
4707,10.0,0.05365631041124286
4708,11.0,0.05364892372626216
4709,10.0,0.053641550762568074
4710,10.0,0.053634191606322545
4711,10.0,0.05362684623403334
4712,10.0,0.053619514622243306
4713,10.0,0.05361219674753033
4714,11.0,0.0536048925865073
4715,10.0,0.05359760200789401
4716,11.0,0.05359032509673789
4717,11.0,0.05358306172226349
4718,10.0,0.053575811861874545
4719,10.0,0.05356857560006437
4720,10.0,0.05356135291365131
4721,10.0,0.053554143779488396
4722,10.0,0.053546948174463344
4723,10.0,0.05353976607549849
4724,10.0,0.05353259745955075
4725,11.0,0.05352544230361159
4726,11.0,0.05351830047915794
4727,10.0,0.05351117196389177
4728,10.0,0.053504056840668765
4729,10.0,0.05349695508661572
4730,13.0,0.05348986667889375
4731,10.0,0.05348279128124705
4732,10.0,0.05347572918562766
4733,13.0,0.05346868036929586
4734,10.0,0.05346164449799811
4735,10.0,0.05345462186187506
4736,10.0,0.05344761243828582
4737,10.0,0.05344061620462358
4738,10.0,0.053433633138315506
4739,11.0,0.05342666321682277
4740,10.0,0.053419706315049255
4741,12.0,0.05341276251353176
4742,11.0,0.053405831585482025
4743,11.0,0.05339891361170813
4744,10.0,0.05339200857045838
4745,10.0,0.05338511654156599
4746,10.0,0.0533782375027229
4747,10.0,0.05337137143165471
4748,13.0,0.053364518306120635
4749,12.0,0.05335767780172243
4750,12.0,0.053350849998655345
4751,10.0,0.05334403487600238
4752,12.0,0.05333723261310933
4753,10.0,0.05333044298806816
4754,10.0,0.05332366617947058
4755,10.0,0.053316902165299565
4756,10.0,0.05331015092357136
4757,10.0,0.05330341243233548
4758,11.0,0.05329668666967467
4759,10.0,0.05328997351500564
4760,10.0,0.05328327304557866
4761,10.0,0.053276585239574736
4762,10.0,0.05326991007520792
4763,12.0,0.05326324753072529
4764,10.0,0.053256597389011034
4765,10.0,0.053249959824570474
4766,10.0,0.053243334815747216
4767,12.0,0.05323672234091772
4768,10.0,0.05323012218468392
4769,10.0,0.05322353452008571
4770,11.0,0.053216959325595614
4771,10.0,0.053210396483406974
4772,10.0,0.053203846068762585
4773,10.0,0.05319730806023183
4774,10.0,0.05319078243641667
4775,10.0,0.05318426917595159
4776,10.0,0.05317776825750358
4777,10.0,0.05317127965977207
4778,10.0,0.05316480336148892
4779,10.0,0.053158339341418344
4780,10.0,0.053151887578356906
4781,10.0,0.05314544805113344
4782,11.0,0.05313902073860905
4783,13.0,0.053132605525698866
4784,13.0,0.05312620220433249
4785,10.0,0.05311981075519206
4786,10.0,0.05311343143919412
4787,11.0,0.05310706423535279
4788,10.0,0.05310070902969292
4789,10.0,0.05309436589469449
4790,11.0,0.053088034809466486
4791,10.0,0.05308171566069832
4792,10.0,0.05307540852039263
4793,10.0,0.053069113367752926
4794,10.0,0.05306283018201449
4795,12.0,0.053056558942444355
4796,10.0,0.053050299445323294
4797,10.0,0.053044051853749385
4798,10.0,0.05303781614708253
4799,10.0,0.05303159230471421
4800,10.0,0.053025380306067474
4801,10.0,0.05301918013059688
4802,10.0,0.05301299175778845
4803,10.0,0.05300681516715965
4804,10.0,0.053000650338259334
4805,10.0,0.052994497250667696
4806,10.0,0.052988355883996266
4807,10.0,0.05298222621788783
4808,10.0,0.05297610823201642
4809,10.0,0.052970001906087257
4810,10.0,0.05296390721983671
4811,10.0,0.05295782415303227
4812,10.0,0.052951752685472496
4813,11.0,0.052945692796987
4814,10.0,0.05293964437924703
4815,10.0,0.052933607500695694
4816,10.0,0.05292758214125441
4817,10.0,0.052921568280875506
4818,10.0,0.05291556589954212
4819,10.0,0.05290957497726821
4820,10.0,0.0529035954940985
4821,12.0,0.052897627430108424
4822,10.0,0.052891670591903854
4823,10.0,0.05288572513383525
4824,10.0,0.052879791036067936
4825,10.0,0.05287386827879781
4826,13.0,0.0528679568422513
4827,10.0,0.05286205644910023
4828,10.0,0.05285616733827708
4829,12.0,0.05285028949009661
4830,10.0,0.05284442271423857
4831,10.0,0.05283856716244647
4832,10.0,0.05283272281512406
4833,10.0,0.052826889652705364
4834,10.0,0.052821067655654655
4835,10.0,0.05281525680446639
4836,12.0,0.05280945707966517
4837,10.0,0.05280366829358562
4838,10.0,0.052797890595725955
4839,11.0,0.05279212396669902
4840,11.0,0.05278636830355662
4841,12.0,0.05278062358748858
4842,10.0,0.05277488971646598
4843,10.0,0.05276916683839961
4844,10.0,0.05276345493404799
4845,12.0,0.05275775398419947
4846,10.0,0.052752063804548346
4847,11.0,0.05274638454174783
4848,11.0,0.05274071609445204
4849,10.0,0.05273505844407546
4850,12.0,0.052729411653942584
4851,10.0,0.05272377554158944
4852,10.0,0.05271815025210971
4853,12.0,0.0527125357665231
4854,10.0,0.05270693190346287
4855,10.0,0.05270133880709475
4856,11.0,0.05269575645852486
4857,10.0,0.05269018475818314
4858,10.0,0.05268462376827364
4859,10.0,0.052679073469989526
4860,10.0,0.05267353384455325
4861,10.0,0.052668004873216476
4862,10.0,0.052662486537260064
4863,10.0,0.05265697881799404
4864,10.0,0.05265148169675753
4865,10.0,0.05264599515491873
4866,12.0,0.052640519173874904
4867,10.0,0.05263505357694907
4868,10.0,0.052629598504354266
4869,10.0,0.05262415393757273
4870,10.0,0.0526187198581156
4871,10.0,0.052613296247522874
4872,10.0,0.05260788308736337
4873,10.0,0.05260248035923466
4874,10.0,0.052597088044763096
4875,11.0,0.05259170612560371
4876,10.0,0.05258633450585017
4877,10.0,0.052580973245126526
4878,10.0,0.052575622325172766
4879,10.0,0.05257028172775745
4880,10.0,0.05256495143467765
4881,10.0,0.05255963142775892
4882,10.0,0.052554321688855266
4883,10.0,0.052549022199849096
4884,10.0,0.05254373294265119
4885,10.0,0.052538453899200664
4886,10.0,0.052533185051464926
4887,10.0,0.052527926381439646
4888,10.0,0.05252267787114872
4889,10.0,0.05251743950264422
4890,10.0,0.05251221125800637
4891,12.0,0.052506993119343516
4892,12.0,0.052501784918684964
4893,11.0,0.05249658663913083
4894,11.0,0.05249139833854758
4895,10.0,0.052486219999618056
4896,10.0,0.0524810516794828
4897,10.0,0.05247589336041264
4898,10.0,0.052470745024706285
4899,10.0,0.05246560665469026
4900,10.0,0.05246047823271889
4901,10.0,0.05245535974117426
4902,10.0,0.05245025116246617
4903,10.0,0.0524451524790321
4904,12.0,0.05244006367333718
4905,11.0,0.05243498458177507
4906,10.0,0.052429915260676
4907,10.0,0.05242485576578709
4908,10.0,0.05241980607968104
4909,13.0,0.05241476618495801
4910,10.0,0.05240973584736938
4911,12.0,0.052404715267350084
4912,12.0,0.05239970428359759
4913,10.0,0.052394702879719195
4914,10.0,0.05238971118272869
4915,10.0,0.05238472917538421
4916,10.0,0.05237975684047112
4917,10.0,0.05237479416080199
4918,13.0,0.05236984111921654
4919,10.0,0.05236489748574082
4920,10.0,0.05235996345699767
4921,12.0,0.05235503901590547
4922,10.0,0.05235012400440219
4923,10.0,0.05234521854705633
4924,10.0,0.05234032262686551
4925,10.0,0.05233543622685429
4926,10.0,0.0523305593300741
4927,10.0,0.052325691919603214
4928,10.0,0.05232083397854672
4929,12.0,0.05231598549003648
4930,10.0,0.05231114629856232
4931,10.0,0.05230631652655787
4932,10.0,0.05230149615723343
4933,10.0,0.0522966851738259
4934,10.0,0.052291883559598795
4935,10.0,0.052287091297842196
4936,10.0,0.05228230837187271
4937,10.0,0.05227753476503344
4938,11.0,0.05227277046069394
4939,12.0,0.05226801537420973
4940,10.0,0.05226326942153221
4941,10.0,0.052258532722473855
4942,10.0,0.05225380526050719
4943,10.0,0.05224908701913106
4944,10.0,0.05224437798187054
4945,10.0,0.05223967813227693
4946,10.0,0.05223498745392772
4947,10.0,0.05223030593042653
4948,10.0,0.052225633545403105
4949,10.0,0.05222097028251326
4950,10.0,0.05221631612543886
4951,10.0,0.052211671057887765
4952,13.0,0.05220703506359381
4953,10.0,0.05220240792810005
4954,10.0,0.052197789834240116
4955,10.0,0.05219318076582312
4956,10.0,0.052188580706683994
4957,10.0,0.05218398964068349
4958,10.0,0.05217940755170812
4959,12.0,0.05217483442367013
4960,11.0,0.05217027011029125
4961,10.0,0.05216571466132651
4962,10.0,0.05216116812600776
4963,10.0,0.05215663048834744
4964,12.0,0.052152101732383556
4965,10.0,0.05214758171332472
4966,11.0,0.0521430705446562
4967,10.0,0.05213856814633386
4968,10.0,0.05213407456692267
4969,10.0,0.05212958979058558
4970,10.0,0.052125113801510886
4971,10.0,0.052120646583912224
4972,10.0,0.05211618812202852
4973,10.0,0.05211173840012396
4974,10.0,0.05210729740248796
4975,10.0,0.05210286511343514
4976,10.0,0.05209844151730526
4977,10.0,0.052094026598463225
4978,10.0,0.05208962034129901
4979,10.0,0.05208522273022767
4980,10.0,0.05208083374968926
4981,10.0,0.052076453384148846
4982,10.0,0.052072081618096434
4983,10.0,0.052067718436046954
4984,10.0,0.05206336382254023
4985,10.0,0.052059017762140926
4986,10.0,0.05205468023943854
4987,12.0,0.05205035123904734
4988,10.0,0.05204603062284452
4989,10.0,0.052041718498773114
4990,10.0,0.05203741485152003
4991,12.0,0.05203311966579683
4992,11.0,0.052028832804609716
4993,10.0,0.0520245543142262
4994,10.0,0.052020284240422925
4995,10.0,0.05201602256800746
4996,11.0,0.052011769281811886
4997,10.0,0.05200752430646698
4998,10.0,0.05200328768733363
4999,10.0,0.051999059409316414
5000,10.0,0.05199483945734429
